name,attribute,species,f_skill,s_skill,maxhp2,maxatk2,minhp,minatk,maxhp1,maxatk1,pre_f_skill,pre_s_skill,f_skill_effect,s_skill_effect,pre_f_skill_effect,pre_s_skill_effect,f_skill_detail1,f_skill_detail2,s_skill_detail1,s_skill_detail2,pre_f_skill_detail1,pre_f_skill_detail2,pre_s_skill_detail1,pre_s_skill_detail2
ミュルグレス,水,剣,霧氷の攻刃III,水の三手,290,3340,42,450,240,2760,霧氷の攻刃II,0,水属性キャラの攻撃力上昇(特大),水属性キャラの連続攻撃確率上昇(小),水属性キャラの攻撃力上昇(大),0,"水,通常攻刃Ⅲ,8,9,10,11,12,13,14,15,16,17,18.0,19.0,20.8,21.2,22.0,0.0,0.0,0.0,0.0,0.0",0,"水,通常三手(小),0.4,0.6,0.8,1.0,1.2,1.4,1.6,1.8,2.0,2.2,2.4,2.6,2.8,3.0,3.5,0.0,0.0,0.0,0.0,0.0",0,"水,通常攻刃Ⅱ,7,8,9,10,11,12,13,14,15,16,16.8,17.6,18.4,19.2,20.0,0.0,0.0,0.0,0.0,0.0",0,0,0
ベネディーア,火,銃,紅蓮の攻刃III,業火の克己,240,3600,31,505,196,2980,紅蓮の攻刃II,0,火属性キャラの攻撃力上昇(特大),火属性キャラのダブルアタック確率上昇(中)/弱点を突いた時クリティカル確率上昇(中),火属性キャラの攻撃力上昇(大),0,"火,通常攻刃Ⅲ,8,9,10,11,12,13,14,15,16,17,18.0,19.0,20.8,21.2,22.0,0.0,0.0,0.0,0.0,0.0",0,"火,通常克己,0.8,1.1,1.4,1.7,2.0,2.3,2.6,2.9,3.2,3.5,3.8,4.1,4.4,4.7,5.0,0.0,0.0,0.0,0.0,0.0","火,通常克己,3.0,0.0,0.0,0.0,0.0,0.0,0.0,0.0,0.0,5.0,0.0,0.0,0.0,0.0,6.1,0.0,0.0,0.0,0.0,0.0","火,通常攻刃Ⅱ,7,8,9,10,11,12,13,14,15,16,16.8,17.6,18.4,19.2,20.0,0.0,0.0,0.0,0.0,0.0",0,0,0
ガンバンテイン,光,杖,天光の攻刃III,光の三手,380,2760,53,395,317,2375,天光の攻刃II,0,光属性キャラの攻撃力上昇(特大),光属性キャラの連続攻撃確率上昇(小),光属性キャラの攻撃力上昇(大),0,"光,通常攻刃Ⅲ,8,9,10,11,12,13,14,15,16,17,18.0,19.0,20.8,21.2,22.0,0.0,0.0,0.0,0.0,0.0",0,"光,通常三手(小),0.4,0.6,0.8,1.0,1.2,1.4,1.6,1.8,2.0,2.2,2.4,2.6,2.8,3.0,3.5,0.0,0.0,0.0,0.0,0.0",0,"光,通常攻刃Ⅱ,7,8,9,10,11,12,13,14,15,16,16.8,17.6,18.4,19.2,20.0,0.0,0.0,0.0,0.0,0.0",0,0,0
エターナル・ラヴ,風,短剣,乱気の攻刃III,竜巻の無双,320,3200,43,445,263,2645,乱気の攻刃II,0,風属性キャラの攻撃力上昇(特大),風属性キャラの攻撃力上昇(中)/ダブルアタック確率上昇(中),風属性キャラの攻撃力上昇(大),0,"風,通常攻刃Ⅲ,8,9,10,11,12,13,14,15,16,17,18.0,19.0,20.8,21.2,22.0,0.0,0.0,0.0,0.0,0.0",0,"風,通常無双,3,4,5,6,7,8,9,10,11,12,12.5,13.0,13.5,14.0,14.5,0.0,0.0,0.0,0.0,0.0","風,通常無双,0.8,1.1,1.4,1.7,2.0,2.3,2.6,2.9,3.2,3.5,3.8,4.1,4.4,4.7,5.0,0.0,0.0,0.0,0.0,0.0","風,通常攻刃Ⅱ,7,8,9,10,11,12,13,14,15,16,16.8,17.6,18.4,19.2,20.0,0.0,0.0,0.0,0.0,0.0",0,0,0
ブルトガング,闇,剣,奈落の攻刃III,闇の刹那,280,3370,36,480,234,2790,奈落の攻刃II,0,闇属性キャラの攻撃力上昇(特大),闇属性キャラの攻撃力上昇(小)/弱点を突いた時クリティカル確率上昇(小),0,0,"闇,通常攻刃Ⅲ,8,9,10,11,12,13,14,15,16,17,18.0,19.0,20.8,21.2,22.0,0.0,0.0,0.0,0.0,0.0",0,"闇,通常刹那(小),1,2,3,4,5,6,7,8,9,10,10.4,10.8,11.2,11.6,12.0,0.0,0.0,0.0,0.0,0.0","闇,通常刹那(小),1.0,0.0,0.0,0.0,0.0,0.0,0.0,0.0,0.0,1.9,0.0,0.0,0.0,0.0,2.4,0.0,0.0,0.0,0.0,0.0","0,通常攻刃Ⅱ,7,8,9,10,11,12,13,14,15,16,16.8,17.6,18.4,19.2,20.0,0.0,0.0,0.0,0.0,0.0",0,0,0
エーケイ・フォーエイ,土,銃,地裂の攻刃III,土の乱舞,240,3580,34,490,199,2965,地裂の攻刃II,0,0,土属性キャラの攻撃力上昇(小)/トリプルアタック確率上昇(小),土属性キャラの攻撃力上昇(大),0,"0,通常攻刃Ⅲ,8,9,10,11,12,13,14,15,16,17,18.0,19.0,20.8,21.2,22.0,0.0,0.0,0.0,0.0,0.0",0,"土,通常乱舞,1,2,3,4,5,6,7,8,9,10,10.4,10.8,11.2,11.6,12.0,0.0,0.0,0.0,0.0,0.0","土,通常乱舞,0.0,0.0,0.0,0.0,0.0,0.0,0.0,0.0,0.0,0.0,0.0,0.0,0.0,0.0,2.0,0.0,0.0,0.0,0.0,0.0","土,通常攻刃Ⅱ,7,8,9,10,11,12,13,14,15,16,16.8,17.6,18.4,19.2,20.0,0.0,0.0,0.0,0.0,0.0",0,0,0
エデン,光,槍,天光の攻刃III,雷電の渾身,340,3140,48,430,280,2600,天光の攻刃II,0,光属性キャラの攻撃力上昇(特大),光属性キャラのHPが多いほど攻撃力が上昇(中),光属性キャラの攻撃力上昇(大),0,"光,通常攻刃Ⅲ,8,9,10,11,12,13,14,15,16,17,18.0,19.0,20.8,21.2,22.0,0.0,0.0,0.0,0.0,0.0",0,"光,通常渾身(中),0.0,0.0,0.0,0.0,0.0,0.0,0.0,0.0,0.0,0.0,0.0,0.0,0.0,0.0,9.56,0.0,0.0,0.0,0.0,0.0",0,"光,通常攻刃Ⅱ,7,8,9,10,11,12,13,14,15,16,16.8,17.6,18.4,19.2,20.0,0.0,0.0,0.0,0.0,0.0",0,0,0
パラゾニウム,闇,短剣,奈落の攻刃III,闇の三手,310,3200,40,459,259,2652,奈落の攻刃II,0,闇属性キャラの攻撃力上昇(特大),闇属性キャラの連続攻撃確率上昇(小),0,0,"闇,通常攻刃Ⅲ,8,9,10,11,12,13,14,15,16,17,18.0,19.0,20.8,21.2,22.0,0.0,0.0,0.0,0.0,0.0",0,"闇,通常三手(小),0.4,0.6,0.8,1.0,1.2,1.4,1.6,1.8,2.0,2.2,2.4,2.6,2.8,3.0,3.5,0.0,0.0,0.0,0.0,0.0",0,"0,通常攻刃Ⅱ,7,8,9,10,11,12,13,14,15,16,16.8,17.6,18.4,19.2,20.0,0.0,0.0,0.0,0.0,0.0",0,0,0
リユニオン,風,短剣,乱気の攻刃III,風の神威,310,3200,42,450,260,2650,乱気の攻刃II,0,風属性キャラの攻撃力上昇(特大),風属性キャラの攻撃力と最大HPが上昇(小),風属性キャラの攻撃力上昇(大),0,"風,通常攻刃Ⅲ,8,9,10,11,12,13,14,15,16,17,18.0,19.0,20.8,21.2,22.0,0.0,0.0,0.0,0.0,0.0",0,"風,通常神威(小),0.0,0.0,0.0,0.0,0.0,0.0,0.0,0.0,0.0,10.0,0.0,0.0,0.0,0.0,12.0,0.0,0.0,0.0,0.0,0.0",0,"風,通常攻刃Ⅱ,7,8,9,10,11,12,13,14,15,16,16.8,17.6,18.4,19.2,20.0,0.0,0.0,0.0,0.0,0.0",0,0,0
刃鏡片,土,短剣,地裂の無双II,土の刃界,330,3180,42,428,272,2630,0,0.0,土属性キャラの攻撃力上昇(大)/ダブルアタック確率上昇(大),土属性キャラの最大HP上昇(小)/クリティカル確率上昇(小),0,0,"土,通常無双Ⅱ,7,8,9,10,11,12,13,14,15,16,16.8,17.6,18.4,19.2,20.0,0.0,0.0,0.0,0.0,0.0","土,通常無双Ⅱ,0.0,0.0,0.0,0.0,0.0,0.0,0.0,0.0,0.0,0.0,0.0,0.0,0.0,0.0,9.0,0.0,0.0,0.0,0.0,0.0",0,0,0,0,0,0
イクサバ,火,刀,紅蓮の攻刃III,業火の渾身,236,3620,30,502,195,3000,紅蓮の攻刃II,0,火属性キャラの攻撃力上昇(特大),0,火属性キャラの攻撃力上昇(大),0,"火,通常攻刃Ⅲ,8,9,10,11,12,13,14,15,16,17,18.0,19.0,20.8,21.2,22.0,0.0,0.0,0.0,0.0,0.0",0,"火,通常渾身(中),0.0,0.0,0.0,0.0,0.0,0.0,0.0,0.0,0.0,0.0,0.0,0.0,0.0,0.0,9.56,0.0,0.0,0.0,0.0,0.0",0,"火,通常攻刃Ⅱ,7,8,9,10,11,12,13,14,15,16,16.8,17.6,18.4,19.2,20.0,0.0,0.0,0.0,0.0,0.0",0,0,0
ブルースフィア,水,杖,霧氷の攻刃III,渦潮の必殺,403,2780,64,375,335,2300,霧氷の攻刃II,0,水属性キャラの攻撃力上昇(特大),0,水属性キャラの攻撃力上昇(大),0,"水,通常攻刃Ⅲ,8,9,10,11,12,13,14,15,16,17,18.0,19.0,20.8,21.2,22.0,0.0,0.0,0.0,0.0,0.0",0,0,0,"水,通常攻刃Ⅱ,7,8,9,10,11,12,13,14,15,16,16.8,17.6,18.4,19.2,20.0,0.0,0.0,0.0,0.0,0.0",0,0,0
フォールン・ソード,闇,剣,奈落の攻刃III,憎悪の渾身,0,0,36,476,241,2750,奈落の攻刃II,0,闇属性キャラの攻撃力上昇(特大),闇属性キャラのHPが多いほど攻撃力が上昇(中),0,0,"闇,通常攻刃Ⅲ,8,9,10,11,12,13,14,15,16,17,18.0,19.0,20.8,21.2,22.0,0.0,0.0,0.0,0.0,0.0",0,"闇,通常渾身(中),0.0,0.0,0.0,0.0,0.0,0.0,0.0,0.0,0.0,0.0,0.0,0.0,0.0,0.0,9.56,0.0,0.0,0.0,0.0,0.0",0,"0,通常攻刃Ⅱ,7,8,9,10,11,12,13,14,15,16,16.8,17.6,18.4,19.2,20.0,0.0,0.0,0.0,0.0,0.0",0,0,0
サティフィケイト,光,斧,天光の攻刃III,雷電の必殺,280,3385,41,460,232,2800,天光の攻刃II,0,光属性キャラの攻撃力上昇(特大),光属性キャラの奥義ダメージUP(中)/奥義ダメージ上限上昇(中),光属性キャラの攻撃力上昇(大),0,"光,通常攻刃Ⅲ,8,9,10,11,12,13,14,15,16,17,18.0,19.0,20.8,21.2,22.0,0.0,0.0,0.0,0.0,0.0",0,0,0,"光,通常攻刃Ⅱ,7,8,9,10,11,12,13,14,15,16,16.8,17.6,18.4,19.2,20.0,0.0,0.0,0.0,0.0,0.0",0,0,0
ウン・ハイル,闇,楽器,奈落の必殺,憎悪の恩寵,0,0,72,431,252,2505,0,0.0,闇属性キャラの奥義ダメージUP(大)/奥義ダメージ上限上昇(大),闇属性キャラの最大HP上昇(中)/弱体耐性UP(中),0,0,0,0,0,0,0,0,0,0
ケーリュケイオン,風,杖,乱気の攻刃,七宝石の結界,323,2530,46,350,277,2095,乱気の攻刃,0,風属性キャラの攻撃力上昇(大),通常攻撃をした時、主人公のみ確率でカウンター効果(回避/1回),風属性キャラの攻撃力上昇(大),0,"風,通常攻刃(大),6,7,8,9,10,11,12,13,14,15,15.6,16.2,16.8,17.4,18.0,0.0,0.0,0.0,0.0,0.0",0,0,0,"風,通常攻刃(大),6,7,8,9,10,11,12,13,14,15,15.6,16.2,16.8,17.4,18.0,0.0,0.0,0.0,0.0,0.0",0,0,0
ウコンバサラ,光,斧,天光の攻刃,魔女の結界,217,2980,31,425,186,2550,天光の攻刃,0,光属性キャラの攻撃力上昇(大),メイン武器として装備時、弱体効果耐性UP,光属性キャラの攻撃力上昇(大),0,"光,通常攻刃(大),6,7,8,9,10,11,12,13,14,15,15.6,16.2,16.8,17.4,18.0,0.0,0.0,0.0,0.0,0.0",0,0,0,"光,通常攻刃(大),6,7,8,9,10,11,12,13,14,15,15.6,16.2,16.8,17.4,18.0,0.0,0.0,0.0,0.0,0.0",0,0,0
ピラム,火,槍,紅蓮の攻刃,鷲王の結界,291,2610,40,380,249,2240,紅蓮の攻刃,0,火属性キャラの攻撃力上昇(大),主人公のみダブルアタック確率上昇(特大),火属性キャラの攻撃力上昇(大),0,"火,通常攻刃(大),6,7,8,9,10,11,12,13,14,15,15.6,16.2,16.8,17.4,18.0,0.0,0.0,0.0,0.0,0.0",0,0,0,"火,通常攻刃(大),6,7,8,9,10,11,12,13,14,15,15.6,16.2,16.8,17.4,18.0,0.0,0.0,0.0,0.0,0.0",0,0,0
氷晶杖,水,杖,氷晶宮の加護,水の攻刃,326,2520,48,340,280,2080,霧氷の守護,水の攻刃,水属性キャラのHP上昇(大)/水属性キャラの火属性ダメージ軽減◆HP上昇効果は「霧氷の守護」として扱う,水属性キャラの攻撃力上昇(小),水属性キャラの最大HP上昇(大),水属性キャラの攻撃力上昇(小),0,0,"水,通常攻刃(小),1,2,3,4,5,6,7,8,9,10,10.4,10.8,11.2,11.6,12.0,0.0,0.0,0.0,0.0,0.0",0,"水,通常守護(大),9.0,10.0,11.0,12.0,13.0,14.0,15.0,16.0,17.0,18.0,18.6,19.2,19.8,20.4,21.0,0.0,0.0,0.0,0.0,0.0",0,"水,通常攻刃(小),1,2,3,4,5,6,7,8,9,10,10.4,10.8,11.2,11.6,12.0,0.0,0.0,0.0,0.0,0.0",0
閃刃の剣斧,風,斧,乱気の守護,呪われし矜持,228,3170,31,440,190,2640,乱気の守護,0,風属性キャラの最大HP上昇(大),メイン武器として装備時、主人公のみ確率で被ダメージカット,風属性キャラの最大HP上昇(大),0,"風,通常守護(大),9.0,10.0,11.0,12.0,13.0,14.0,15.0,16.0,17.0,18.0,18.6,19.2,19.8,20.4,21.0,0.0,0.0,0.0,0.0,0.0",0,0,0,"風,通常守護(大),9.0,10.0,11.0,12.0,13.0,14.0,15.0,16.0,17.0,18.0,18.6,19.2,19.8,20.4,21.0,0.0,0.0,0.0,0.0,0.0",0,0,0
宝剣アンダリス,土,剣,地裂の攻刃,賢者の加護,245,2940,36,400,210,2430,地裂の攻刃,0,土属性キャラの攻撃力上昇(大),土属性キャラのダメージ上限上昇,土属性キャラの攻撃力上昇(大),0,"土,通常攻刃(大),6,7,8,9,10,11,12,13,14,15,15.6,16.2,16.8,17.4,18.0,0.0,0.0,0.0,0.0,0.0",0,0,0,"土,通常攻刃(大),6,7,8,9,10,11,12,13,14,15,15.6,16.2,16.8,17.4,18.0,0.0,0.0,0.0,0.0,0.0",0,0,0
ダーインスレイブ,火,剣,紅蓮の攻刃,軍師の気構え,253,3010,33,445,216,2580,紅蓮の攻刃,0,火属性キャラの攻撃力上昇(大),主人公のみ奥義ゲージ上昇量UP　LV15時効果量+10%確認（+1）、マスターボーナスと重複する,火属性キャラの攻撃力上昇(大),0,"火,通常攻刃(大),6,7,8,9,10,11,12,13,14,15,15.6,16.2,16.8,17.4,18.0,0.0,0.0,0.0,0.0,0.0",0,0,0,"火,通常攻刃(大),6,7,8,9,10,11,12,13,14,15,15.6,16.2,16.8,17.4,18.0,0.0,0.0,0.0,0.0,0.0",0,0,0
緋紋の絢斧,火,斧,紅蓮の攻刃,暁の結界,222,3090,30,450,190,2650,紅蓮の攻刃,0,火属性キャラの攻撃力上昇(大),ターン開始時、主人公のみ確率で自分の弱体効果を1つ回復,火属性キャラの攻撃力上昇(大),0,"火,通常攻刃(大),6,7,8,9,10,11,12,13,14,15,15.6,16.2,16.8,17.4,18.0,0.0,0.0,0.0,0.0,0.0",0,0,0,"火,通常攻刃(大),6,7,8,9,10,11,12,13,14,15,15.6,16.2,16.8,17.4,18.0,0.0,0.0,0.0,0.0,0.0",0,0,0
封鍵クラウストルム,光,杖,天光の攻刃,精霊の庇護,342,2560,49,365,293,2195,天光の攻刃,0,光属性キャラの攻撃力上昇(大),光属性キャラの闇属性ダメージ軽減(Lv1:1%、Lv15:15%),光属性キャラの攻撃力上昇(大),0,"光,通常攻刃(大),6,7,8,9,10,11,12,13,14,15,15.6,16.2,16.8,17.4,18.0,0.0,0.0,0.0,0.0,0.0",0,0,0,"光,通常攻刃(大),6,7,8,9,10,11,12,13,14,15,15.6,16.2,16.8,17.4,18.0,0.0,0.0,0.0,0.0,0.0",0,0,0
ウロボロス,土,杖,地裂の攻刃,創られし従僕,337,2520,49,355,289,2155,地裂の攻刃,0,土属性キャラの攻撃力上昇(大),主人公のみダブルアタック確率上昇(特大),土属性キャラの攻撃力上昇(大),0,"土,通常攻刃(大),6,7,8,9,10,11,12,13,14,15,15.6,16.2,16.8,17.4,18.0,0.0,0.0,0.0,0.0,0.0",0,0,0,"土,通常攻刃(大),6,7,8,9,10,11,12,13,14,15,15.6,16.2,16.8,17.4,18.0,0.0,0.0,0.0,0.0,0.0",0,0,0
輝剣クラウ・ソラス,水,剣,霧氷の守護,聖騎士の誇り,259,2980,39,415,222,2550,霧氷の守護,0,水属性キャラの最大HP上昇(大),水属性キャラの防御UP,水属性キャラの最大HP上昇(大),0,"水,通常守護(大),9.0,10.0,11.0,12.0,13.0,14.0,15.0,16.0,17.0,18.0,18.6,19.2,19.8,20.4,21.0,0.0,0.0,0.0,0.0,0.0",0,0,0,"水,通常守護(大),9.0,10.0,11.0,12.0,13.0,14.0,15.0,16.0,17.0,18.0,18.6,19.2,19.8,20.4,21.0,0.0,0.0,0.0,0.0,0.0",0,0,0
イリュージョンセプター,火,杖,紅蓮の攻刃,魔女の真髄,334,2530,46,370,286,2170,紅蓮の攻刃,0,火属性キャラの攻撃力上昇(大),火属性キャラのアビリティダメージ上限上昇,火属性キャラの攻撃力上昇(大),0,"火,通常攻刃(大),6,7,8,9,10,11,12,13,14,15,15.6,16.2,16.8,17.4,18.0,0.0,0.0,0.0,0.0,0.0",0,0,0,"火,通常攻刃(大),6,7,8,9,10,11,12,13,14,15,15.6,16.2,16.8,17.4,18.0,0.0,0.0,0.0,0.0,0.0",0,0,0
フロッティ,光,剣,天光の守護,貴顕の防衛策,257,2990,37,425,220,2560,天光の守護,0,光属性キャラの最大HP上昇(大),バトルの最初のターン開始時、光属性キャラに弱体効果無効効果(1回),光属性キャラの最大HP上昇(大),0,"光,通常守護(大),9.0,10.0,11.0,12.0,13.0,14.0,15.0,16.0,17.0,18.0,18.6,19.2,19.8,20.4,21.0,0.0,0.0,0.0,0.0,0.0",0,0,0,"光,通常守護(大),9.0,10.0,11.0,12.0,13.0,14.0,15.0,16.0,17.0,18.0,18.6,19.2,19.8,20.4,21.0,0.0,0.0,0.0,0.0,0.0",0,0,0
エーテリアルボウ,風,弓,乱気の攻刃,艶美の術数,271,2980,38,430,232,2555,乱気の攻刃,0,風属性キャラの攻撃力上昇(大),主人公のみ弱体成功率UP,風属性キャラの攻撃力上昇(大),0,"風,通常攻刃(大),6,7,8,9,10,11,12,13,14,15,15.6,16.2,16.8,17.4,18.0,0.0,0.0,0.0,0.0,0.0",0,0,0,"風,通常攻刃(大),6,7,8,9,10,11,12,13,14,15,15.6,16.2,16.8,17.4,18.0,0.0,0.0,0.0,0.0,0.0",0,0,0
雷公刃ユピテル,光,短剣,天光の攻刃,大胆不敵,289,2890,41,415,248,2480,天光の攻刃,0,光属性キャラの攻撃力上昇(大),HPが少ないほど攻撃力が上昇(小)　◆主人公のみ,光属性キャラの攻撃力上昇(大),0,"光,通常攻刃(大),6,7,8,9,10,11,12,13,14,15,15.6,16.2,16.8,17.4,18.0,0.0,0.0,0.0,0.0,0.0",0,0,0,"光,通常攻刃(大),6,7,8,9,10,11,12,13,14,15,15.6,16.2,16.8,17.4,18.0,0.0,0.0,0.0,0.0,0.0",0,0,0
ガルガンチュア,土,槍,地裂の攻刃,未来の幻視,303,2680,44,380,260,2300,地裂の攻刃,0,土属性キャラの攻撃力上昇(大),土属性キャラのアビリティダメージ上限上昇,土属性キャラの攻撃力上昇(大),0,"土,通常攻刃(大),6,7,8,9,10,11,12,13,14,15,15.6,16.2,16.8,17.4,18.0,0.0,0.0,0.0,0.0,0.0",0,0,0,"土,通常攻刃(大),6,7,8,9,10,11,12,13,14,15,15.6,16.2,16.8,17.4,18.0,0.0,0.0,0.0,0.0,0.0",0,0,0
ヴァサーゴ,闇,斧,奈落の守護,奔放の稀人,222,3090,28,460,188,2660,奈落の守護,0,闇属性キャラの最大HP上昇(大),トリプルアタック確率上昇(大)　◆主人公のみ,闇属性キャラの最大HP上昇(大),0,"闇,通常守護(大),9.0,10.0,11.0,12.0,13.0,14.0,15.0,16.0,17.0,18.0,18.6,19.2,19.8,20.4,21.0,0.0,0.0,0.0,0.0,0.0",0,0,0,"闇,通常守護(大),9.0,10.0,11.0,12.0,13.0,14.0,15.0,16.0,17.0,18.0,18.6,19.2,19.8,20.4,21.0,0.0,0.0,0.0,0.0,0.0",0,0,0
ファラウェイ,風,銃,乱気の守護,深緑の装い,208,3160,29,455,179,2705,乱気の守護,0,風属性キャラの最大HP上昇(大),弱体耐性UP　◆主人公のみ,風属性キャラの最大HP上昇(大),0,"風,通常守護(大),9.0,10.0,11.0,12.0,13.0,14.0,15.0,16.0,17.0,18.0,18.6,19.2,19.8,20.4,21.0,0.0,0.0,0.0,0.0,0.0",0,0,0,"風,通常守護(大),9.0,10.0,11.0,12.0,13.0,14.0,15.0,16.0,17.0,18.0,18.6,19.2,19.8,20.4,21.0,0.0,0.0,0.0,0.0,0.0",0,0,0
ココ＆ミミ,闇,格闘,奈落の攻刃,凶獣の三爪,286,2770,38,410,245,2380,奈落の攻刃,0,闇属性キャラの攻撃力上昇(大),トリプルアタック確率上昇(大)　◆主人公のみ,闇属性キャラの攻撃力上昇(大),0,"闇,通常攻刃(大),6,7,8,9,10,11,12,13,14,15,15.6,16.2,16.8,17.4,18.0,0.0,0.0,0.0,0.0,0.0",0,0,0,"闇,通常攻刃(大),6,7,8,9,10,11,12,13,14,15,15.6,16.2,16.8,17.4,18.0,0.0,0.0,0.0,0.0,0.0",0,0,0
霧氷剣ペルソス,水,短剣,霧氷の攻刃,忠義の瞬刃,282,2790,42,390,242,2390,霧氷の攻刃,0,水属性キャラの攻撃力上昇(大),ダブルアタック確率上昇(特大)　◆主人公のみ,水属性キャラの攻撃力上昇(大),0,"水,通常攻刃(大),6,7,8,9,10,11,12,13,14,15,15.6,16.2,16.8,17.4,18.0,0.0,0.0,0.0,0.0,0.0",0,0,0,"水,通常攻刃(大),6,7,8,9,10,11,12,13,14,15,15.6,16.2,16.8,17.4,18.0,0.0,0.0,0.0,0.0,0.0",0,0,0
ミストルテイン,闇,剣,血啜りの一閃,紅蓮の守護,244,2980,32,440,212,2540,奈落の攻刃,紅蓮の守護,闇属性キャラの攻撃力上昇(大)　メイン装備時に主人公のみ被ダメージ時に確率でカウンター◆攻撃力上昇効果は「奈落の攻刃」として扱う,火属性キャラの最大HP上昇(大),闇属性キャラの攻撃力上昇(大),火属性キャラの最大HP上昇(大),"闇,通常攻刃(大),6,7,8,9,10,11,12,13,14,15,15.6,16.2,16.8,17.4,18.0,0.0,0.0,0.0,0.0,0.0",0,"火,通常守護(大),9.0,10.0,11.0,12.0,13.0,14.0,15.0,16.0,17.0,18.0,18.6,19.2,19.8,20.4,21.0,0.0,0.0,0.0,0.0,0.0",0,"闇,通常攻刃(大),6,7,8,9,10,11,12,13,14,15,15.6,16.2,16.8,17.4,18.0,0.0,0.0,0.0,0.0,0.0",0,"火,通常守護(大),9.0,10.0,11.0,12.0,13.0,14.0,15.0,16.0,17.0,18.0,18.6,19.2,19.8,20.4,21.0,0.0,0.0,0.0,0.0,0.0",0
ブリューナク,火,槍,業火の攻刃,貫きの牙,298,2710,41,395,257,2315,業火の攻刃,業火の守護,火属性キャラの攻撃力上昇(中),火属性キャラの最大HP上昇(中)　メイン装備時に主人公のみ弱点を突いた時、クリティカル率上昇(中)◆HP上昇効果は「業火の守護」として扱う,火属性キャラの攻撃力上昇(中),火属性キャラの最大HP上昇(中),"火,通常攻刃(中),3,4,5,6,7,8,9,10,11,12,12.5,13.0,13.5,14.0,14.5,0.0,0.0,0.0,0.0,0.0",0,0,0,"火,通常攻刃(中),3,4,5,6,7,8,9,10,11,12,12.5,13.0,13.5,14.0,14.5,0.0,0.0,0.0,0.0,0.0",0,"火,通常守護(中),6.0,7.0,8.0,9.0,10.0,11.0,12.0,13.0,14.0,15.0,15.4,15.8,16.2,16.6,17.0,0.0,0.0,0.0,0.0,0.0",0
カラドボルグ,光,剣,聖女の行進,地裂の守護,260,3030,37,435,224,2600,天光の攻刃,地裂の守護,光属性キャラの攻撃力上昇(大)/メイン装備時に主人公だけ再生効果◆攻撃力上昇効果は「天光の攻刃」として扱う」,土属性キャラの最大HP上昇(大),光属性キャラの攻撃力上昇(大),土属性キャラの最大HP上昇(大),"光,通常攻刃(大),6,7,8,9,10,11,12,13,14,15,15.6,16.2,16.8,17.4,18.0,0.0,0.0,0.0,0.0,0.0",0,"土,通常守護(大),9.0,10.0,11.0,12.0,13.0,14.0,15.0,16.0,17.0,18.0,18.6,19.2,19.8,20.4,21.0,0.0,0.0,0.0,0.0,0.0",0,"光,通常攻刃(大),6,7,8,9,10,11,12,13,14,15,15.6,16.2,16.8,17.4,18.0,0.0,0.0,0.0,0.0,0.0",0,"土,通常守護(大),9.0,10.0,11.0,12.0,13.0,14.0,15.0,16.0,17.0,18.0,18.6,19.2,19.8,20.4,21.0,0.0,0.0,0.0,0.0,0.0",0
砂城の宮樂弦,土,楽器,優しい世界,天光の守護,365,2590,72,365,244,2215,地裂の守護,天光の守護,土属性キャラの最大HP上昇(大)/土属性キャラの回復上限上昇(中)◆地裂の守護/大地の治癒 として扱う,光属性キャラの最大HP上昇(大),土属性キャラの最大HP上昇(大),光属性キャラの最大HP上昇(大),0,0,"光,通常守護(大),9.0,10.0,11.0,12.0,13.0,14.0,15.0,16.0,17.0,18.0,18.6,19.2,19.8,20.4,21.0,0.0,0.0,0.0,0.0,0.0",0,"土,通常守護(大),9.0,10.0,11.0,12.0,13.0,14.0,15.0,16.0,17.0,18.0,18.6,19.2,19.8,20.4,21.0,0.0,0.0,0.0,0.0,0.0",0,"光,通常守護(大),9.0,10.0,11.0,12.0,13.0,14.0,15.0,16.0,17.0,18.0,18.6,19.2,19.8,20.4,21.0,0.0,0.0,0.0,0.0,0.0",0
アスカロン,土,剣,竜穿の一撃,霧氷の攻刃,250,2940,37,415,217,2515,地裂の攻刃,霧氷の攻刃,土属性キャラの攻撃力上昇(大)メイン装備時に主人公のみダブルアタック確率上昇◆攻撃力上昇効果は「地裂の攻刃」として扱う,水属性キャラの攻撃力上昇(大),土属性キャラの攻撃力上昇(大),水属性キャラの攻撃力上昇(大),"土,通常攻刃(大),6,7,8,9,10,11,12,13,14,15,15.6,16.2,16.8,17.4,18.0,0.0,0.0,0.0,0.0,0.0",0,"水,通常攻刃(大),6,7,8,9,10,11,12,13,14,15,15.6,16.2,16.8,17.4,18.0,0.0,0.0,0.0,0.0,0.0",0,"土,通常攻刃(大),6,7,8,9,10,11,12,13,14,15,15.6,16.2,16.8,17.4,18.0,0.0,0.0,0.0,0.0,0.0",0,"水,通常攻刃(大),6,7,8,9,10,11,12,13,14,15,15.6,16.2,16.8,17.4,18.0,0.0,0.0,0.0,0.0,0.0",0
グランテピエ,風,槍,跳姫の妙技,天光の守護,300,2690,42,390,258,2310,乱気の守護,天光の守護,風属性キャラの最大HP上昇(大)風属性キャラの弱体成功率UP◆HP上昇効果は「乱気の守護」として扱う,光属性キャラの最大HP上昇(大),風属性キャラの最大HP上昇(大),光属性キャラの最大HP上昇(大),0,0,"光,通常守護(大),9.0,10.0,11.0,12.0,13.0,14.0,15.0,16.0,17.0,18.0,18.6,19.2,19.8,20.4,21.0,0.0,0.0,0.0,0.0,0.0",0,"風,通常守護(大),9.0,10.0,11.0,12.0,13.0,14.0,15.0,16.0,17.0,18.0,18.6,19.2,19.8,20.4,21.0,0.0,0.0,0.0,0.0,0.0",0,"光,通常守護(大),9.0,10.0,11.0,12.0,13.0,14.0,15.0,16.0,17.0,18.0,18.6,19.2,19.8,20.4,21.0,0.0,0.0,0.0,0.0,0.0",0
ラスト・シン,闇,剣,狂恋の抱擁,霧氷の攻刃,250,3010,33,445,216,2580,奈落の攻刃,霧氷の攻刃,闇属性キャラの攻撃力上昇(大)/主人公のみトリプルアタック確率上昇◆攻撃力上昇効果は「奈落の攻刃」として扱う,水属性キャラの攻撃力上昇(大),闇属性キャラの攻撃力上昇(大),水属性キャラの攻撃力上昇(大),"闇,通常攻刃(大),6,7,8,9,10,11,12,13,14,15,15.6,16.2,16.8,17.4,18.0,0.0,0.0,0.0,0.0,0.0",0,"水,通常攻刃(大),6,7,8,9,10,11,12,13,14,15,15.6,16.2,16.8,17.4,18.0,0.0,0.0,0.0,0.0,0.0",0,"闇,通常攻刃(大),6,7,8,9,10,11,12,13,14,15,15.6,16.2,16.8,17.4,18.0,0.0,0.0,0.0,0.0,0.0",0,"水,通常攻刃(大),6,7,8,9,10,11,12,13,14,15,15.6,16.2,16.8,17.4,18.0,0.0,0.0,0.0,0.0,0.0",0
緋舞扇,水,格闘,舞姫の演武,紅蓮の守護,290,2730,44,380,252,2340,霧氷の攻刃,紅蓮の守護,水属性キャラの攻撃力上昇(大)/水属性キャラのダメージ上限上昇◆攻撃力上昇効果は「霧氷の攻刃」として扱う,火属性キャラの最大HP上昇(大),水属性キャラの攻撃力上昇(大),火属性キャラの最大HP上昇(大),"水,通常攻刃(大),6,7,8,9,10,11,12,13,14,15,15.6,16.2,16.8,17.4,18.0,0.0,0.0,0.0,0.0,0.0",0,"火,通常守護(大),9.0,10.0,11.0,12.0,13.0,14.0,15.0,16.0,17.0,18.0,18.6,19.2,19.8,20.4,21.0,0.0,0.0,0.0,0.0,0.0",0,"水,通常攻刃(大),6,7,8,9,10,11,12,13,14,15,15.6,16.2,16.8,17.4,18.0,0.0,0.0,0.0,0.0,0.0",0,"火,通常守護(大),9.0,10.0,11.0,12.0,13.0,14.0,15.0,16.0,17.0,18.0,18.6,19.2,19.8,20.4,21.0,0.0,0.0,0.0,0.0,0.0",0
オートクレール,光,剣,雷迅卿の剣技,紅蓮の攻刃,226,3080,38,440,0,2640,天光の守護,紅蓮の攻刃,光属性キャラの最大HP上昇(大)　メイン装備時に主人公のみ連続攻撃確率上昇◆最大HP上昇効果は「天光の守護」として扱う,火属性キャラの攻撃力上昇(大),光属性キャラの最大HP上昇(大),火属性キャラの攻撃力上昇(大),0,0,"火,通常攻刃(大),6,7,8,9,10,11,12,13,14,15,15.6,16.2,16.8,17.4,18.0,0.0,0.0,0.0,0.0,0.0",0,"光,通常守護(大),9.0,10.0,11.0,12.0,13.0,14.0,15.0,16.0,17.0,18.0,18.6,19.2,19.8,20.4,21.0,0.0,0.0,0.0,0.0,0.0",0,"火,通常攻刃(大),6,7,8,9,10,11,12,13,14,15,15.6,16.2,16.8,17.4,18.0,0.0,0.0,0.0,0.0,0.0",0
メビウス,火,楽器,未完の錬金術,地裂の攻刃,280,2600,69,380,241,2230,紅蓮の攻刃,地裂の攻刃,火属性キャラの攻撃力上昇(大)　メイン装備時に主人公のみモードゲージ減少量UP◆攻撃力上昇効果は「紅蓮の攻刃」として扱う,土属性キャラの攻撃力上昇(大),火属性キャラの攻撃力上昇(大),土属性キャラの攻撃力上昇(大),"火,通常攻刃(大),6,7,8,9,10,11,12,13,14,15,15.6,16.2,16.8,17.4,18.0,0.0,0.0,0.0,0.0,0.0",0,"土,通常攻刃(大),6,7,8,9,10,11,12,13,14,15,15.6,16.2,16.8,17.4,18.0,0.0,0.0,0.0,0.0,0.0",0,"火,通常攻刃(大),6,7,8,9,10,11,12,13,14,15,15.6,16.2,16.8,17.4,18.0,0.0,0.0,0.0,0.0,0.0",0,"土,通常攻刃(大),6,7,8,9,10,11,12,13,14,15,15.6,16.2,16.8,17.4,18.0,0.0,0.0,0.0,0.0,0.0",0
ヘヴンズクラウド,風,短剣,天を統べる強風,天光の守護,279,2800,39,405,239,2405,乱気の攻刃,天光の守護,風属性キャラクターの攻撃力上昇(大)/風属性キャラのアビリティダメージ上限UP◆攻撃力上昇効果は「乱気の攻刃」として扱う,光属性キャラの最大HP上昇(大),風属性キャラの攻撃力上昇(大),光属性キャラの最大HP上昇(大),"風,通常攻刃(大),6,7,8,9,10,11,12,13,14,15,15.6,16.2,16.8,17.4,18.0,0.0,0.0,0.0,0.0,0.0",0,"光,通常守護(大),9.0,10.0,11.0,12.0,13.0,14.0,15.0,16.0,17.0,18.0,18.6,19.2,19.8,20.4,21.0,0.0,0.0,0.0,0.0,0.0",0,"風,通常攻刃(大),6,7,8,9,10,11,12,13,14,15,15.6,16.2,16.8,17.4,18.0,0.0,0.0,0.0,0.0,0.0",0,"光,通常守護(大),9.0,10.0,11.0,12.0,13.0,14.0,15.0,16.0,17.0,18.0,18.6,19.2,19.8,20.4,21.0,0.0,0.0,0.0,0.0,0.0",0
カーラウロプス,闇,杖,禁忌の悲恋,地裂の攻刃,333,2530,44,380,284,2180,奈落の攻刃,地裂の攻刃,闇属性キャラクターの攻撃力上昇(大)/闇属性キャラの光属性ダメージ軽減◆攻撃力上昇効果は「奈落の攻刃」として扱う,土属性キャラの攻撃力上昇(大),闇属性キャラの攻撃力上昇(大),土属性キャラの攻撃力上昇(大),"闇,通常攻刃(大),6,7,8,9,10,11,12,13,14,15,15.6,16.2,16.8,17.4,18.0,0.0,0.0,0.0,0.0,0.0",0,"土,通常攻刃(大),6,7,8,9,10,11,12,13,14,15,15.6,16.2,16.8,17.4,18.0,0.0,0.0,0.0,0.0,0.0",0,"闇,通常攻刃(大),6,7,8,9,10,11,12,13,14,15,15.6,16.2,16.8,17.4,18.0,0.0,0.0,0.0,0.0,0.0",0,"土,通常攻刃(大),6,7,8,9,10,11,12,13,14,15,15.6,16.2,16.8,17.4,18.0,0.0,0.0,0.0,0.0,0.0",0
ローエングリン,火,剣,尽忠炎帝,先制の炎壁,260,3050,35,444,221,2615,紅蓮の攻刃,先制の炎壁,火属性キャラの攻撃力上昇(大)　メイン装備時に敵が恐怖状態の時、主人公のみ通常攻撃に火属性追撃効果,バトル開始時から8ターンの間火属性キャラの防御力上昇,火属性キャラの攻撃力上昇(大),バトル開始時から8ターンの間火属性キャラの防御力上昇,"火,通常攻刃(大),6,7,8,9,10,11,12,13,14,15,15.6,16.2,16.8,17.4,18.0,0.0,0.0,0.0,0.0,0.0",0,0,0,"火,通常攻刃(大),6,7,8,9,10,11,12,13,14,15,15.6,16.2,16.8,17.4,18.0,0.0,0.0,0.0,0.0,0.0",0,0,0
ヴリスラグナ,水,銃,狙撃の極意,天光の攻刃,210,3140,32,440,182,2690,霧氷の攻刃,天光の攻刃,水属性キャラの攻撃力上昇(大)/メイン装備時に主人公のみ奥義ダメージ上限10%UP◆攻撃力上昇効果は「霧氷の攻刃」として扱う,光属性キャラの攻撃力上昇(大),水属性キャラの攻撃力上昇(大),光属性キャラの攻撃力上昇(大),"水,通常攻刃(大),6,7,8,9,10,11,12,13,14,15,15.6,16.2,16.8,17.4,18.0,0.0,0.0,0.0,0.0,0.0",0,"光,通常攻刃(大),6,7,8,9,10,11,12,13,14,15,15.6,16.2,16.8,17.4,18.0,0.0,0.0,0.0,0.0,0.0",0,"水,通常攻刃(大),6,7,8,9,10,11,12,13,14,15,15.6,16.2,16.8,17.4,18.0,0.0,0.0,0.0,0.0,0.0",0,"光,通常攻刃(大),6,7,8,9,10,11,12,13,14,15,15.6,16.2,16.8,17.4,18.0,0.0,0.0,0.0,0.0,0.0",0
シャドウサーペント,闇,槍,憎悪の刹那,叛逆の烽火,290,2720,35,422,250,2335,憎悪の刹那,0,闇属性キャラの攻撃力上昇(中)/弱点を突いた時クリティカル確率上昇(中),暗闇状態の敵に対して、ダブルアタック確率UP　◆メイン装備時/主人公のみ,闇属性キャラの攻撃力上昇(中)/弱点を突いた時クリティカル確率上昇(中),0,"闇,通常刹那(中),3,4,5,6,7,8,9,10,11,12,12.5,13.0,13.5,14.0,14.5,0.0,0.0,0.0,0.0,0.0","闇,通常刹那(中),1.0,0.0,0.0,0.0,0.0,0.0,0.0,0.0,0.0,1.9,0.0,0.0,0.0,0.0,2.4,0.0,0.0,0.0,0.0,0.0",0,0,"闇,通常刹那(中),3,4,5,6,7,8,9,10,11,12,12.5,13.0,13.5,14.0,14.5,0.0,0.0,0.0,0.0,0.0","闇,通常刹那(中),1.0,0.0,0.0,0.0,0.0,0.0,0.0,0.0,0.0,1.9,0.0,0.0,0.0,0.0,2.4,0.0,0.0,0.0,0.0,0.0",0,0
ドラゴンスレイヤー,風,刀,英雄たる証明,天光の攻刃,220,3180,32,460,191,2725,乱気の攻刃,天光の攻刃,風属性キャラの攻撃力上昇(大)　メイン装備時、風属性キャラの奥義ダメージUP◆攻撃力上昇効果は「乱気の攻刃」として扱う,光属性キャラの攻撃力上昇(大),風属性キャラの攻撃力上昇(大),光属性キャラの攻撃力上昇(大),"風,通常攻刃(大),6,7,8,9,10,11,12,13,14,15,15.6,16.2,16.8,17.4,18.0,0.0,0.0,0.0,0.0,0.0",0,"光,通常攻刃(大),6,7,8,9,10,11,12,13,14,15,15.6,16.2,16.8,17.4,18.0,0.0,0.0,0.0,0.0,0.0",0,"風,通常攻刃(大),6,7,8,9,10,11,12,13,14,15,15.6,16.2,16.8,17.4,18.0,0.0,0.0,0.0,0.0,0.0",0,"光,通常攻刃(大),6,7,8,9,10,11,12,13,14,15,15.6,16.2,16.8,17.4,18.0,0.0,0.0,0.0,0.0,0.0",0
梵天添甲,火,格闘,古今無双の烈拳,先制の炎刃,300,2840,41,415,256,2440,紅蓮の攻刃,先制の炎刃,火属性キャラの攻撃力上昇(大)メイン装備時に得意武器が「格闘」のキャラのダブルアタック確率UP◆攻撃力上昇効果は「紅蓮の攻刃」として扱う,バトル開始時から8ターンの間火属性キャラの攻撃力上昇,火属性キャラの攻撃力上昇(大),バトル開始時から8ターンの間火属性キャラの攻撃力上昇,",通常無双,3,4,5,6,7,8,9,10,11,12,12.5,13.0,13.5,14.0,14.5,0.0,0.0,0.0,0.0,0.0",",通常無双,0.8,1.1,1.4,1.7,2.0,2.3,2.6,2.9,3.2,3.5,3.8,4.1,4.4,4.7,5.0,0.0,0.0,0.0,0.0,0.0",0,0,"火,通常攻刃(大),6,7,8,9,10,11,12,13,14,15,15.6,16.2,16.8,17.4,18.0,0.0,0.0,0.0,0.0,0.0",0,0,0
セイントスタークラッカー,光,銃,雷電の刹那,トレジャートリック,210,3160,29,456,177,2707,雷電の刹那,0,光属性キャラの攻撃力上昇(中)/弱点を突いた時クリティカル確率上昇(中),敵のトレハンLvに応じてダブルアタック確率UP　◆メイン装備時/主人公のみ,光属性キャラの攻撃力上昇(中)/弱点を突いた時クリティカル確率上昇(中),0,"光,通常刹那(中),3,4,5,6,7,8,9,10,11,12,12.5,13.0,13.5,14.0,14.5,0.0,0.0,0.0,0.0,0.0","光,通常刹那(中),1.0,0.0,0.0,0.0,0.0,0.0,0.0,0.0,0.0,1.9,0.0,0.0,0.0,0.0,2.4,0.0,0.0,0.0,0.0,0.0",0,0,"光,通常刹那(中),3,4,5,6,7,8,9,10,11,12,12.5,13.0,13.5,14.0,14.5,0.0,0.0,0.0,0.0,0.0","光,通常刹那(中),1.0,0.0,0.0,0.0,0.0,0.0,0.0,0.0,0.0,1.9,0.0,0.0,0.0,0.0,2.4,0.0,0.0,0.0,0.0,0.0",0,0
タンザナイトブレイド,火,刀,業火の刹那,シャル・ウイ・デュエル,210,3130,30,455,184,2685,業火の刹那,0,火属性キャラの攻撃力上昇(中)/弱点を突いた時クリティカル確率上昇(中),HPが高い程奥義ダメージUP　◆メイン装備時/主人公のみ,火属性キャラの攻撃力上昇(中)/弱点を突いた時クリティカル確率上昇(中),0,"火,通常刹那(中),3,4,5,6,7,8,9,10,11,12,12.5,13.0,13.5,14.0,14.5,0.0,0.0,0.0,0.0,0.0","火,通常刹那(中),1.0,0.0,0.0,0.0,0.0,0.0,0.0,0.0,0.0,1.9,0.0,0.0,0.0,0.0,2.4,0.0,0.0,0.0,0.0,0.0",0,0,"火,通常刹那(中),3,4,5,6,7,8,9,10,11,12,12.5,13.0,13.5,14.0,14.5,0.0,0.0,0.0,0.0,0.0","火,通常刹那(中),1.0,0.0,0.0,0.0,0.0,0.0,0.0,0.0,0.0,1.9,0.0,0.0,0.0,0.0,2.4,0.0,0.0,0.0,0.0,0.0",0,0
神授のリラ,風,楽器,神秘の前奏曲,紅蓮の攻刃,276,2595,70,375,242,2225,乱気の攻刃,紅蓮の攻刃,風属性キャラクターの攻撃力上昇(大)/メイン装備時味方全体の弱体成功率UP◆攻撃力上昇効果は「乱気の攻刃」として扱う,火属性キャラの攻撃力上昇(大),風属性キャラの攻撃力上昇(大),火属性キャラの攻撃力上昇(大),"風,通常攻刃(大),6,7,8,9,10,11,12,13,14,15,15.6,16.2,16.8,17.4,18.0,0.0,0.0,0.0,0.0,0.0",0,"火,通常攻刃(大),6,7,8,9,10,11,12,13,14,15,15.6,16.2,16.8,17.4,18.0,0.0,0.0,0.0,0.0,0.0",0,"風,通常攻刃(大),6,7,8,9,10,11,12,13,14,15,15.6,16.2,16.8,17.4,18.0,0.0,0.0,0.0,0.0,0.0",0,"火,通常攻刃(大),6,7,8,9,10,11,12,13,14,15,15.6,16.2,16.8,17.4,18.0,0.0,0.0,0.0,0.0,0.0",0
ルーン,火,槍,貴顕の舞闘,火の背水,310,2730,42,400,262,2350,紅蓮の技巧,火の背水,火属性キャラのクリティカル確率上昇(大)/メイン装備時に主人公のみオーバードライブ状態の敵に連続攻撃確率UP(特大)◆クリティカル確率上昇は「紅蓮の技巧」として扱う,火属性キャラのHPが少ないほど攻撃力が上昇(小),火属性攻撃で弱点を突いた時、クリティカル確率上昇(大),火属性キャラのHPが少ないほど攻撃力が上昇(小),0,0,"火,通常背水(小),0.5,1.1,1.7,2.3,2.9,3.5,4.09,4.7,5.3,6,6.2,6.4,6.6,6.8,7.0,0.0,0.0,0.0,0.0,0.0",0,"火,通常技巧(大),0.0,0.0,0.0,0.0,0.0,0.0,0.0,0.0,0.0,7.0,0.0,0.0,0.0,0.0,0.0,0.0,0.0,0.0,0.0,0.0",0,"火,通常背水(小),0.5,1.1,1.7,2.3,2.9,3.5,4.09,4.7,5.3,6,6.2,6.4,6.6,6.8,7.0,0.0,0.0,0.0,0.0,0.0",0
オルレアン・フラッグ,風,槍,乱気の守護,神託の御旗,350,2430,52,368,297,2101,乱気の守護,0,風属性キャラの最大HP上昇(大),風属性キャラのダメージ上限上昇,風属性キャラの最大HP上昇(大),0,"風,通常守護(大),9.0,10.0,11.0,12.0,13.0,14.0,15.0,16.0,17.0,18.0,18.6,19.2,19.8,20.4,21.0,0.0,0.0,0.0,0.0,0.0",0,0,0,"風,通常守護(大),9.0,10.0,11.0,12.0,13.0,14.0,15.0,16.0,17.0,18.0,18.6,19.2,19.8,20.4,21.0,0.0,0.0,0.0,0.0,0.0",0,0,0
ヒロイックボウ,光,弓,天光の攻刃,ゼロ・トゥ・ヒーロー,260,2940,35,435,224,2525,天光の攻刃,乱気の攻刃,光属性キャラの攻撃力上昇(大),風属性キャラの攻撃力上昇(大)/得意武器が「弓」のキャラのトリプルアタック確率UP◆攻撃力上昇効果は「乱気の攻刃」として扱う,光属性キャラの攻撃力上昇(大),風属性キャラの攻撃力上昇(大),"光,通常攻刃(大),6,7,8,9,10,11,12,13,14,15,15.6,16.2,16.8,17.4,18.0,0.0,0.0,0.0,0.0,0.0",0,"風,通常攻刃(大),6,7,8,9,10,11,12,13,14,15,15.6,16.2,16.8,17.4,18.0,0.0,0.0,0.0,0.0,0.0",0,"光,通常攻刃(大),6,7,8,9,10,11,12,13,14,15,15.6,16.2,16.8,17.4,18.0,0.0,0.0,0.0,0.0,0.0",0,"風,通常攻刃(大),6,7,8,9,10,11,12,13,14,15,15.6,16.2,16.8,17.4,18.0,0.0,0.0,0.0,0.0,0.0",0
丙子椒林剣,土,刀,胡蝶の剣舞,乱気の攻刃,220,3100,33,440,189,2660,地裂の攻刃,乱気の攻刃,土属性キャラの攻撃力上昇(大)/メイン装備時に主人公のみ奥義ゲージ上昇量UP(Lv15:15%)◆攻撃力上昇効果は「地裂の攻刃」として扱う,風属性キャラの攻撃力上昇(大),土属性キャラの攻撃力上昇(大),風属性キャラの攻撃力上昇(大),"土,通常攻刃(大),6,7,8,9,10,11,12,13,14,15,15.6,16.2,16.8,17.4,18.0,0.0,0.0,0.0,0.0,0.0",0,"風,通常攻刃(大),6,7,8,9,10,11,12,13,14,15,15.6,16.2,16.8,17.4,18.0,0.0,0.0,0.0,0.0,0.0",0,"土,通常攻刃(大),6,7,8,9,10,11,12,13,14,15,15.6,16.2,16.8,17.4,18.0,0.0,0.0,0.0,0.0,0.0",0,"風,通常攻刃(大),6,7,8,9,10,11,12,13,14,15,15.6,16.2,16.8,17.4,18.0,0.0,0.0,0.0,0.0,0.0",0
不動国行,闇,刀,変幻自在の剣技,霧氷の攻刃,220,3200,29,475,188,2740,奈落の攻刃,霧氷の攻刃,闇属性キャラの攻撃力上昇(大)/メイン装備時に闇属性キャラのアビリティダメージUP/アビリティダメージ上限UP◆攻撃力上昇効果は「奈落の攻刃」として扱う,水属性キャラの攻撃力上昇(大),闇属性キャラの攻撃力上昇(大),水属性キャラの攻撃力上昇(大),"闇,通常攻刃(大),6,7,8,9,10,11,12,13,14,15,15.6,16.2,16.8,17.4,18.0,0.0,0.0,0.0,0.0,0.0",0,"水,通常攻刃(大),6,7,8,9,10,11,12,13,14,15,15.6,16.2,16.8,17.4,18.0,0.0,0.0,0.0,0.0,0.0",0,"闇,通常攻刃(大),6,7,8,9,10,11,12,13,14,15,15.6,16.2,16.8,17.4,18.0,0.0,0.0,0.0,0.0,0.0",0,"水,通常攻刃(大),6,7,8,9,10,11,12,13,14,15,15.6,16.2,16.8,17.4,18.0,0.0,0.0,0.0,0.0,0.0",0
龍虎双滅拳,土,格闘,大地の無双,老境の流儀,320,2600,46,366,270,2239,0,0.0,土属性キャラの攻撃力上昇(中)/ダブルアタック確率上昇(中),自分の残りHPが半分より多い時、敵対心UP/半分以下の時、防御力UP　◆メイン装備時/主人公のみ,0,0,"土,通常無双,3,4,5,6,7,8,9,10,11,12,12.5,13.0,13.5,14.0,14.5,0.0,0.0,0.0,0.0,0.0","土,通常無双,0.8,1.1,1.4,1.7,2.0,2.3,2.6,2.9,3.2,3.5,3.8,4.1,4.4,4.7,5.0,0.0,0.0,0.0,0.0,0.0",0,0,0,0,0,0
マスターキー,闇,斧,奈落の攻刃,闇夜の訪問者,0,0,22,470,144,2830,0,0.0,闇属性キャラの攻撃力上昇(大),敵の数が少ないほど自分の攻撃力UP　◆メイン装備時/主人公のみ,0,0,"闇,通常攻刃(大),6,7,8,9,10,11,12,13,14,15,15.6,16.2,16.8,17.4,18.0,0.0,0.0,0.0,0.0,0.0",0,0,0,0,0,0,0
ストラトゥムバンカー,土,銃,地裂の背水,土の攻刃,211,3260,31,445,181,2695,0,0.0,土属性キャラのHPが少ないほど攻撃力が上昇(大),土属性キャラの攻撃力上昇(小),0,0,"土,通常背水(大),0.83,1.83,2.83,3.83,4.83,5.83,6.83,7.83,8.83,10,10.5,11.0,11.5,12.0,12.5,0.0,0.0,0.0,0.0,0.0",0,"土,通常攻刃(小),1,2,3,4,5,6,7,8,9,10,10.4,10.8,11.2,11.6,12.0,0.0,0.0,0.0,0.0,0.0",0,0,0,0,0
メロディックスフィア,水,楽器,霧氷の守護,天光の守護,284,2720,74,365,249,2245,0,0.0,水属性キャラの最大HP上昇(大),光属性キャラの最大HP上昇(大),0,0,"水,通常守護(大),9.0,10.0,11.0,12.0,13.0,14.0,15.0,16.0,17.0,18.0,18.6,19.2,19.8,20.4,21.0,0.0,0.0,0.0,0.0,0.0",0,"光,通常守護(大),9.0,10.0,11.0,12.0,13.0,14.0,15.0,16.0,17.0,18.0,18.6,19.2,19.8,20.4,21.0,0.0,0.0,0.0,0.0,0.0",0,0,0,0,0
トーニーローズ,土,短剣,地裂の攻刃,先制の岩壁,282,2775,42,390,240,2385,0,0.0,土属性キャラの攻撃力上昇(大),バトル開始時から8ターンの間土属性キャラの防御力上昇,0,0,"土,通常攻刃(大),6,7,8,9,10,11,12,13,14,15,15.6,16.2,16.8,17.4,18.0,0.0,0.0,0.0,0.0,0.0",0,0,0,0,0,0,0
ドラグホーン,水,槍,霧氷の攻刃,逆鱗の槍術,270,2860,34,397,227,2450,0,0.0,水属性キャラの攻撃力上昇(大),トリプルアタック発動時に攻撃力UP(累積)◆メイン装備時/主人公のみ,0,0,"水,通常攻刃(大),6,7,8,9,10,11,12,13,14,15,15.6,16.2,16.8,17.4,18.0,0.0,0.0,0.0,0.0,0.0",0,0,0,0,0,0,0
グラム,闇,剣,奈落の背水,闇の克己,455,3060,33,455,219,2625,奈落の背水,闇の二手,闇属性キャラのHPが少ないほど攻撃力が上昇(大),闇属性キャラのダブルアタック確率上昇(小)/クリティカル確率上昇(小),闇属性キャラのHPが少ないほど攻撃力が上昇(大),闇属性キャラのダブルアタック確率上昇(小),"闇,通常背水(大),0.83,1.83,2.83,3.83,4.83,5.83,6.83,7.83,8.83,10,10.5,11.0,11.5,12.0,12.5,0.0,0.0,0.0,0.0,0.0",0,"闇,通常克己,0.8,1.1,1.4,1.7,2.0,2.3,2.6,2.9,3.2,3.5,3.8,4.1,4.4,4.7,5.0,0.0,0.0,0.0,0.0,0.0","闇,通常克己,3.0,0.0,0.0,0.0,0.0,0.0,0.0,0.0,0.0,5.0,0.0,0.0,0.0,0.0,6.1,0.0,0.0,0.0,0.0,0.0","闇,通常背水(大),0.83,1.83,2.83,3.83,4.83,5.83,6.83,7.83,8.83,10,10.5,11.0,11.5,12.0,12.5,0.0,0.0,0.0,0.0,0.0",0,"闇,通常二手(小),0.4,0.6,0.8,1.0,1.2,1.4,1.6,1.8,2.0,2.2,2.4,2.6,2.8,3.0,3.5,0.0,0.0,0.0,0.0,0.0",0
アラクネ,闇,銃,奈落の攻刃,ファム・ファタール,200,3200,24,479,169,2741,0,0.0,闇属性キャラの攻撃力上昇(大),通常攻撃時に確率で敵の防御DOWN(累積)◆メイン装備時/主人公のみ,0,0,"闇,通常攻刃(大),6,7,8,9,10,11,12,13,14,15,15.6,16.2,16.8,17.4,18.0,0.0,0.0,0.0,0.0,0.0",0,0,0,0,0,0,0
ピンク・エーテリアル,火,弓,業火の攻刃,魔導の熟達者,280,3090,37,435,231,2560,業火の攻刃,業火の二手,火属性キャラの攻撃力上昇(中),火属性キャラのダブルアタック確率上昇(中)/火属性キャラのアビリティダメージ上限UP◆ダブルアタック確率上昇効果は「業火の二手」として扱う,火属性キャラの攻撃力上昇(中),火属性キャラのダブルアタック確率上昇(中),"火,通常攻刃(中),3,4,5,6,7,8,9,10,11,12,12.5,13.0,13.5,14.0,14.5,0.0,0.0,0.0,0.0,0.0",0,0,0,"火,通常攻刃(中),3,4,5,6,7,8,9,10,11,12,12.5,13.0,13.5,14.0,14.5,0.0,0.0,0.0,0.0,0.0",0,"火,通常二手(中),0.8,1.1,1.4,1.7,2.0,2.3,2.6,2.9,3.2,3.5,3.8,4.1,4.4,4.7,5.0,0.0,0.0,0.0,0.0,0.0",0
オーラフラジェルム,光,剣,雷電の無双,雷電の守護,280,3250,38,450,230,2690,雷電の攻刃,雷電の守護,光属性キャラの攻撃力上昇(中)/ダブルアタック確率上昇(中),光属性キャラの最大HP上昇(中),光属性キャラの攻撃力上昇(中),光属性キャラの最大HP上昇(中),"光,通常無双,3,4,5,6,7,8,9,10,11,12,12.5,13.0,13.5,14.0,14.5,0.0,0.0,0.0,0.0,0.0","光,通常無双,0.8,1.1,1.4,1.7,2.0,2.3,2.6,2.9,3.2,3.5,3.8,4.1,4.4,4.7,5.0,0.0,0.0,0.0,0.0,0.0","光,通常守護(中),6.0,7.0,8.0,9.0,10.0,11.0,12.0,13.0,14.0,15.0,15.4,15.8,16.2,16.6,17.0,0.0,0.0,0.0,0.0,0.0",0,"光,通常攻刃(中),3,4,5,6,7,8,9,10,11,12,12.5,13.0,13.5,14.0,14.5,0.0,0.0,0.0,0.0,0.0",0,"光,通常守護(中),6.0,7.0,8.0,9.0,10.0,11.0,12.0,13.0,14.0,15.0,15.4,15.8,16.2,16.6,17.0,0.0,0.0,0.0,0.0,0.0",0
ディスタント・レクイエム,闇,楽器,憎悪の刹那,憎悪の治癒,0,0,66,389,238,2233,0,0.0,闇属性キャラの攻撃力上昇(中)/弱点を突いた時クリティカル確率上昇(中),闇属性キャラの回復上限上昇(中),0,0,"闇,通常刹那(中),3,4,5,6,7,8,9,10,11,12,12.5,13.0,13.5,14.0,14.5,0.0,0.0,0.0,0.0,0.0","闇,通常刹那(中),1.0,0.0,0.0,0.0,0.0,0.0,0.0,0.0,0.0,1.9,0.0,0.0,0.0,0.0,2.4,0.0,0.0,0.0,0.0,0.0",0,0,0,0,0,0
アルセーヌ,土,短剣,地裂の攻刃,大地の技巧,0,0,42,400,245,2435,地裂の攻刃,土の技巧,土属性キャラの攻撃力上昇(大),土属性攻撃で弱点を突いた時、クリティカル確率上昇(中),土属性キャラの攻撃力上昇(大),0,"土,通常攻刃(大),6,7,8,9,10,11,12,13,14,15,15.6,16.2,16.8,17.4,18.0,0.0,0.0,0.0,0.0,0.0",0,"土,通常技巧(中),3.0,0.0,0.0,0.0,0.0,0.0,0.0,0.0,0.0,5.0,0.0,0.0,0.0,0.0,6.1,0.0,0.0,0.0,0.0,0.0",0,"土,通常攻刃(大),6,7,8,9,10,11,12,13,14,15,15.6,16.2,16.8,17.4,18.0,0.0,0.0,0.0,0.0,0.0",0,0,0
リング・オブ・サン,火,杖,紅蓮の背水,日輪の御導き,0,0,47,375,291,2205,紅蓮の背水,火の治癒,火属性キャラのHPが少ないほど攻撃力が上昇(大),火属性キャラの回復上限上昇(小)/メイン装備時に主人公のみフィールド効果「フレア」発生時にダブルアタック確率UP　◆回復上限上昇効果は「火の治癒」として扱う,火属性キャラのHPが少ないほど攻撃力が上昇(大),火属性キャラの回復上限上昇(小),"火,通常背水(大),0.83,1.83,2.83,3.83,4.83,5.83,6.83,7.83,8.83,10,10.5,11.0,11.5,12.0,12.5,0.0,0.0,0.0,0.0,0.0",0,0,0,"火,通常背水(大),0.83,1.83,2.83,3.83,4.83,5.83,6.83,7.83,8.83,10,10.5,11.0,11.5,12.0,12.5,0.0,0.0,0.0,0.0,0.0",0,0,0
レヴィオンシューター,光,弓,天光の三手,三矢一体,0,0,40,410,255,2400,0,0.0,光属性キャラの連続攻撃確率上昇(大),トリプルアタック発動時に自分に与ダメージ上昇効果(累積/最大3回)◆メイン装備時/主人公のみ,0,0,"光,通常三手(大),1.2,1.6,2.0,2.4,2.8,3.2,3.6,4.0,4.4,5.0,5.4,5.8,6.2,6.6,7.0,0.0,0.0,0.0,0.0,0.0",0,0,0,0,0,0,0
ガンドリン,闇,短剣,奈落の攻刃,イクシード・ダーク,0,0,40,400,250,2360,0,0.0,闇属性キャラの攻撃力上昇(大),闇属性キャラの奥義ダメージ上限上昇,0,0,"闇,通常攻刃(大),6,7,8,9,10,11,12,13,14,15,15.6,16.2,16.8,17.4,18.0,0.0,0.0,0.0,0.0,0.0",0,0,0,0,0,0,0
ソードコーン,光,弓,天光の攻刃,ゴールデン・アーツ,0,0,26,469,180,2687,0,0.0,光属性キャラの攻撃力上昇(大),光属性キャラのアビリティダメージ上限UP,0,0,"光,通常攻刃(大),6,7,8,9,10,11,12,13,14,15,15.6,16.2,16.8,17.4,18.0,0.0,0.0,0.0,0.0,0.0",0,0,0,0,0,0,0
デュランダル,水,剣,霧氷の攻刃II,渦潮の技巧,263,3035,38,410,218,2510,霧氷の攻刃,0,水属性キャラの攻撃力上昇(大),水属性攻撃で弱点を突いた時、クリティカル確率上昇(中),水属性キャラの攻撃力上昇(大),0,"水,通常攻刃Ⅱ,7,8,9,10,11,12,13,14,15,16,16.8,17.6,18.4,19.2,20.0,0.0,0.0,0.0,0.0,0.0",0,"水,通常技巧(中),3.0,0.0,0.0,0.0,0.0,0.0,0.0,0.0,0.0,5.0,0.0,0.0,0.0,0.0,6.1,0.0,0.0,0.0,0.0,0.0",0,"水,通常攻刃(大),6,7,8,9,10,11,12,13,14,15,15.6,16.2,16.8,17.4,18.0,0.0,0.0,0.0,0.0,0.0",0,0,0
エウリュトスボウ,火,弓,紅蓮の攻刃II,業火の二手,275,3040,36,430,227,2520,紅蓮の攻刃,0,火属性キャラの攻撃力上昇(大),火属性キャラのダブルアタック確率上昇(中),火属性キャラの攻撃力上昇(大),0,"火,通常攻刃Ⅱ,7,8,9,10,11,12,13,14,15,16,16.8,17.6,18.4,19.2,20.0,0.0,0.0,0.0,0.0,0.0",0,"火,通常二手(中),0.8,1.1,1.4,1.7,2.0,2.3,2.6,2.9,3.2,3.5,3.8,4.1,4.4,4.7,5.0,0.0,0.0,0.0,0.0,0.0",0,"火,通常攻刃(大),6,7,8,9,10,11,12,13,14,15,15.6,16.2,16.8,17.4,18.0,0.0,0.0,0.0,0.0,0.0",0,0,0
グラッドアイ,火,銃,紅蓮の攻刃II,業火の二手,218,3260,28,460,180,2700,紅蓮の攻刃,0,火属性キャラの攻撃力上昇(大),火属性キャラのダブルアタック確率上昇(中),火属性キャラの攻撃力上昇(大),0,"火,通常攻刃Ⅱ,7,8,9,10,11,12,13,14,15,16,16.8,17.6,18.4,19.2,20.0,0.0,0.0,0.0,0.0,0.0",0,"火,通常二手(中),0.8,1.1,1.4,1.7,2.0,2.3,2.6,2.9,3.2,3.5,3.8,4.1,4.4,4.7,5.0,0.0,0.0,0.0,0.0,0.0",0,"火,通常攻刃(大),6,7,8,9,10,11,12,13,14,15,15.6,16.2,16.8,17.4,18.0,0.0,0.0,0.0,0.0,0.0",0,0,0
ガストラフェテス,土,銃,地裂の攻刃II,大地の見切,226,3370,32,460,187,2785,地裂の攻刃,0,土属性キャラの攻撃力上昇(大),土属性キャラ属性キャラが稀に回避カウンター(ダメージ中),土属性キャラの攻撃力上昇(大),0,"土,通常攻刃Ⅱ,7,8,9,10,11,12,13,14,15,16,16.8,17.6,18.4,19.2,20.0,0.0,0.0,0.0,0.0,0.0",0,0,0,"土,通常攻刃(大),6,7,8,9,10,11,12,13,14,15,15.6,16.2,16.8,17.4,18.0,0.0,0.0,0.0,0.0,0.0",0,0,0
アッキヌフォート,土,弓,地裂の攻刃II,大地の技巧,278,3030,39,415,230,2505,地裂の攻刃,0,土属性キャラの攻撃力上昇(大),土属性攻撃で弱点を突いた時、クリティカル確率上昇(中),土属性キャラの攻撃力上昇(大),0,"土,通常攻刃Ⅱ,7,8,9,10,11,12,13,14,15,16,16.8,17.6,18.4,19.2,20.0,0.0,0.0,0.0,0.0,0.0",0,"土,通常技巧(中),3.0,0.0,0.0,0.0,0.0,0.0,0.0,0.0,0.0,5.0,0.0,0.0,0.0,0.0,6.1,0.0,0.0,0.0,0.0,0.0",0,"土,通常攻刃(大),6,7,8,9,10,11,12,13,14,15,15.6,16.2,16.8,17.4,18.0,0.0,0.0,0.0,0.0,0.0",0,0,0
シェキナーの弓,風,弓,乱気の攻刃II,竜巻の見切,276,3040,37,425,228,2515,乱気の攻刃,0,風属性キャラの攻撃力上昇(大),風属性キャラ属性キャラが稀に回避カウンター(ダメージ中),風属性キャラの攻撃力上昇(大),0,"風,通常攻刃Ⅱ,7,8,9,10,11,12,13,14,15,16,16.8,17.6,18.4,19.2,20.0,0.0,0.0,0.0,0.0,0.0",0,0,0,"風,通常攻刃(大),6,7,8,9,10,11,12,13,14,15,15.6,16.2,16.8,17.4,18.0,0.0,0.0,0.0,0.0,0.0",0,0,0
ジュワユース,風,剣,乱気の攻刃II,竜巻の二手,264,3090,35,430,218,2560,乱気の攻刃,0,風属性キャラの攻撃力上昇(大),風属性キャラのダブルアタック確率上昇(中),風属性キャラの攻撃力上昇(大),0,"風,通常攻刃Ⅱ,7,8,9,10,11,12,13,14,15,16,16.8,17.6,18.4,19.2,20.0,0.0,0.0,0.0,0.0,0.0",0,"風,通常二手(中),0.8,1.1,1.4,1.7,2.0,2.3,2.6,2.9,3.2,3.5,3.8,4.1,4.4,4.7,5.0,0.0,0.0,0.0,0.0,0.0",0,"風,通常攻刃(大),6,7,8,9,10,11,12,13,14,15,15.6,16.2,16.8,17.4,18.0,0.0,0.0,0.0,0.0,0.0",0,0,0
ベガルタ,闇,短剣,奈落の攻刃II,憎悪の二手,256,3070,36,420,212,2540,奈落の攻刃,0,0,闇属性キャラのダブルアタック確率上昇(中),闇属性キャラの攻撃力上昇(大),0,"0,通常攻刃Ⅱ,7,8,9,10,11,12,13,14,15,16,16.8,17.6,18.4,19.2,20.0,0.0,0.0,0.0,0.0,0.0",0,"闇,通常二手(中),0.8,1.1,1.4,1.7,2.0,2.3,2.6,2.9,3.2,3.5,3.8,4.1,4.4,4.7,5.0,0.0,0.0,0.0,0.0,0.0",0,"闇,通常攻刃(大),6,7,8,9,10,11,12,13,14,15,15.6,16.2,16.8,17.4,18.0,0.0,0.0,0.0,0.0,0.0",0,0,0
グラーシーザー,闇,槍,奈落の攻刃II,憎悪の背水,309,2810,39,404,255,2325,奈落の攻刃,0,0,闇属性キャラのHPが少ないほど攻撃力が上昇(中),闇属性キャラの攻撃力上昇(大),0,"0,通常攻刃Ⅱ,7,8,9,10,11,12,13,14,15,16,16.8,17.6,18.4,19.2,20.0,0.0,0.0,0.0,0.0,0.0",0,"闇,通常背水(中),0.66,1.46,2.26,3.06,3.86,4.66,5.46,6.26,7.06,8,8.4,8.79,9.2,9.6,10.0,0.0,0.0,0.0,0.0,0.0",0,"闇,通常攻刃(大),6,7,8,9,10,11,12,13,14,15,15.6,16.2,16.8,17.4,18.0,0.0,0.0,0.0,0.0,0.0",0,0,0
阿修羅,火,刀,紅蓮の攻刃II,霧氷の攻刃II,225,3230,30,455,186,2675,紅蓮の攻刃,霧氷の攻刃,火属性キャラの攻撃力上昇(大),水属性キャラの攻撃力上昇(大),火属性キャラの攻撃力上昇(大),水属性キャラの攻撃力上昇(大),"火,通常攻刃Ⅱ,7,8,9,10,11,12,13,14,15,16,16.8,17.6,18.4,19.2,20.0,0.0,0.0,0.0,0.0,0.0",0,"水,通常攻刃Ⅱ,7,8,9,10,11,12,13,14,15,16,16.8,17.6,18.4,19.2,20.0,0.0,0.0,0.0,0.0,0.0",0,"火,通常攻刃(大),6,7,8,9,10,11,12,13,14,15,15.6,16.2,16.8,17.4,18.0,0.0,0.0,0.0,0.0,0.0",0,"水,通常攻刃(大),6,7,8,9,10,11,12,13,14,15,15.6,16.2,16.8,17.4,18.0,0.0,0.0,0.0,0.0,0.0",0
薄緑,風,刀,乱気の攻刃II,竜巻の守護,226,3240,31,450,187,2680,竜巻の攻刃,竜巻の守護,風属性キャラの攻撃力上昇(大),風属性キャラの最大HP上昇(中),風属性キャラの攻撃力上昇(中),風属性キャラの最大HP上昇(中),"風,通常攻刃Ⅱ,7,8,9,10,11,12,13,14,15,16,16.8,17.6,18.4,19.2,20.0,0.0,0.0,0.0,0.0,0.0",0,"風,通常守護(中),6.0,7.0,8.0,9.0,10.0,11.0,12.0,13.0,14.0,15.0,15.4,15.8,16.2,16.6,17.0,0.0,0.0,0.0,0.0,0.0",0,"風,通常攻刃(中),3,4,5,6,7,8,9,10,11,12,12.5,13.0,13.5,14.0,14.5,0.0,0.0,0.0,0.0,0.0",0,"風,通常守護(中),6.0,7.0,8.0,9.0,10.0,11.0,12.0,13.0,14.0,15.0,15.4,15.8,16.2,16.6,17.0,0.0,0.0,0.0,0.0,0.0",0
アスクレピオスの杖,光,杖,癒しの力II,天光の治癒,348,2610,47,365,288,2160,癒しの力,0,回復タイプの回復効果上昇(),光属性キャラの回復上限上昇(大),回復タイプの回復効果上昇(小),0,0,0,0,0,0,0,0,0
獅子王戦拳,光,格闘,天光の攻刃II,雷電の見切,302,2840,47,390,250,2350,天光の攻刃,0,光属性キャラの攻撃力上昇(大),光属性キャラ属性キャラが稀に回避カウンター(ダメージ中),光属性キャラの攻撃力上昇(大),0,"光,通常攻刃Ⅱ,7,8,9,10,11,12,13,14,15,16,16.8,17.6,18.4,19.2,20.0,0.0,0.0,0.0,0.0,0.0",0,0,0,"光,通常攻刃(大),6,7,8,9,10,11,12,13,14,15,15.6,16.2,16.8,17.4,18.0,0.0,0.0,0.0,0.0,0.0",0,0,0
パラシュ,土,斧,地裂の守護II,大地の攻刃,237,3240,34,440,196,2680,地裂の守護,0,土属性キャラの最大HP上昇(大),土属性キャラの攻撃力上昇(中),土属性キャラの最大HP上昇(大),0,"土,通常守護Ⅱ,10.0,11.0,12.0,13.0,14.0,15.0,16.0,17.0,18.0,19.0,20.0,21.0,22.0,23.0,24.0,0.0,0.0,0.0,0.0,0.0",0,"土,通常攻刃(中),3,4,5,6,7,8,9,10,11,12,12.5,13.0,13.5,14.0,14.5,0.0,0.0,0.0,0.0,0.0",0,"土,通常守護(大),9.0,10.0,11.0,12.0,13.0,14.0,15.0,16.0,17.0,18.0,18.6,19.2,19.8,20.4,21.0,0.0,0.0,0.0,0.0,0.0",0,0,0
クリムゾンフィンガー,火,格闘,紅蓮の攻刃II,業火の背水,300,2850,40,400,248,2360,紅蓮の攻刃,0,火属性キャラの攻撃力上昇(大),火属性キャラのHPが少ないほど攻撃力が上昇(中),火属性キャラの攻撃力上昇(大),0,"火,通常攻刃Ⅱ,7,8,9,10,11,12,13,14,15,16,16.8,17.6,18.4,19.2,20.0,0.0,0.0,0.0,0.0,0.0",0,"火,通常背水(中),0.66,1.46,2.26,3.06,3.86,4.66,5.46,6.26,7.06,8,8.4,8.79,9.2,9.6,10.0,0.0,0.0,0.0,0.0,0.0",0,"火,通常攻刃(大),6,7,8,9,10,11,12,13,14,15,15.6,16.2,16.8,17.4,18.0,0.0,0.0,0.0,0.0,0.0",0,0,0
虹の弓,水,弓,霧氷の守護II,渦潮の攻刃,279,3020,40,410,231,2500,霧氷の守護,0,水属性キャラの最大HP上昇(大),水属性キャラの攻撃力上昇(中),水属性キャラの最大HP上昇(大),0,"水,通常守護Ⅱ,10.0,11.0,12.0,13.0,14.0,15.0,16.0,17.0,18.0,19.0,20.0,21.0,22.0,23.0,24.0,0.0,0.0,0.0,0.0,0.0",0,"水,通常攻刃(中),3,4,5,6,7,8,9,10,11,12,12.5,13.0,13.5,14.0,14.5,0.0,0.0,0.0,0.0,0.0",0,"水,通常守護(大),9.0,10.0,11.0,12.0,13.0,14.0,15.0,16.0,17.0,18.0,18.6,19.2,19.8,20.4,21.0,0.0,0.0,0.0,0.0,0.0",0,0,0
鬼丸国綱,水,刀,霧氷の攻刃II,渦潮の守護,229,3210,34,435,190,2655,渦潮の攻刃,渦潮の守護,水属性キャラの攻撃力上昇(大),水属性キャラの最大HP上昇(中),水属性キャラの攻撃力上昇(中),水属性キャラの最大HP上昇(中),"水,通常攻刃Ⅱ,7,8,9,10,11,12,13,14,15,16,16.8,17.6,18.4,19.2,20.0,0.0,0.0,0.0,0.0,0.0",0,"水,通常守護(中),6.0,7.0,8.0,9.0,10.0,11.0,12.0,13.0,14.0,15.0,15.4,15.8,16.2,16.6,17.0,0.0,0.0,0.0,0.0,0.0",0,"水,通常攻刃(中),3,4,5,6,7,8,9,10,11,12,12.5,13.0,13.5,14.0,14.5,0.0,0.0,0.0,0.0,0.0",0,"水,通常守護(中),6.0,7.0,8.0,9.0,10.0,11.0,12.0,13.0,14.0,15.0,15.4,15.8,16.2,16.6,17.0,0.0,0.0,0.0,0.0,0.0",0
スラーンド,水,斧,霧氷の攻刃II,渦潮の二手,234,3180,34,430,194,2630,霧氷の攻刃,0,水属性キャラの攻撃力上昇(大),水属性キャラのダブルアタック確率上昇(中),水属性キャラの攻撃力上昇(大),0,"水,通常攻刃Ⅱ,7,8,9,10,11,12,13,14,15,16,16.8,17.6,18.4,19.2,20.0,0.0,0.0,0.0,0.0,0.0",0,"水,通常二手(中),0.8,1.1,1.4,1.7,2.0,2.3,2.6,2.9,3.2,3.5,3.8,4.1,4.4,4.7,5.0,0.0,0.0,0.0,0.0,0.0",0,"水,通常攻刃(大),6,7,8,9,10,11,12,13,14,15,15.6,16.2,16.8,17.4,18.0,0.0,0.0,0.0,0.0,0.0",0,0,0
カルンウェナン,土,短剣,地裂の守護II,大地の攻刃,290,2900,41,395,240,2400,地裂の守護,0,土属性キャラの最大HP上昇(大),土属性キャラの攻撃力上昇(中),土属性キャラの最大HP上昇(大),0,"土,通常守護Ⅱ,10.0,11.0,12.0,13.0,14.0,15.0,16.0,17.0,18.0,19.0,20.0,21.0,22.0,23.0,24.0,0.0,0.0,0.0,0.0,0.0",0,"土,通常攻刃(中),3,4,5,6,7,8,9,10,11,12,12.5,13.0,13.5,14.0,14.5,0.0,0.0,0.0,0.0,0.0",0,"土,通常守護(大),9.0,10.0,11.0,12.0,13.0,14.0,15.0,16.0,17.0,18.0,18.6,19.2,19.8,20.4,21.0,0.0,0.0,0.0,0.0,0.0",0,0,0
ゲイアサイル,風,槍,乱気の攻刃,竜巻の背水,314,2780,31,442,0,0,0,0.0,風属性キャラの攻撃力上昇(大),風属性キャラのHPが少ないほど攻撃力が上昇(中),0,0,"風,通常攻刃(大),6,7,8,9,10,11,12,13,14,15,15.6,16.2,16.8,17.4,18.0,0.0,0.0,0.0,0.0,0.0",0,"風,通常背水(中),0.66,1.46,2.26,3.06,3.86,4.66,5.46,6.26,7.06,8,8.4,8.79,9.2,9.6,10.0,0.0,0.0,0.0,0.0,0.0",0,0,0,0,0
朱雀光剣,火,刀,紅蓮の攻刃II,0,175,2530,22,345,145,2090,紅蓮の攻刃,0,火属性キャラの攻撃力上昇(大),0,火属性キャラの攻撃力上昇(大),0,"火,通常攻刃Ⅱ,7,8,9,10,11,12,13,14,15,16,16.8,17.6,18.4,19.2,20.0,0.0,0.0,0.0,0.0,0.0",0,0,0,"火,通常攻刃(大),6,7,8,9,10,11,12,13,14,15,15.6,16.2,16.8,17.4,18.0,0.0,0.0,0.0,0.0,0.0",0,0,0
玄武甲槌,水,斧,霧氷の攻刃II,0,180,2480,26,320,151,2045,霧氷の攻刃,0,水属性キャラの攻撃力上昇(大),0,水属性キャラの攻撃力上昇(大),0,"水,通常攻刃Ⅱ,7,8,9,10,11,12,13,14,15,16,16.8,17.6,18.4,19.2,20.0,0.0,0.0,0.0,0.0,0.0",0,0,0,"水,通常攻刃(大),6,7,8,9,10,11,12,13,14,15,15.6,16.2,16.8,17.4,18.0,0.0,0.0,0.0,0.0,0.0",0,0,0
青竜牙矛,風,槍,乱気の攻刃II,0,240,2180,31,295,201,1800,乱気の攻刃,0,風属性キャラの攻撃力上昇(大),0,風属性キャラの攻撃力上昇(大),0,"風,通常攻刃Ⅱ,7,8,9,10,11,12,13,14,15,16,16.8,17.6,18.4,19.2,20.0,0.0,0.0,0.0,0.0,0.0",0,0,0,"風,通常攻刃(大),6,7,8,9,10,11,12,13,14,15,15.6,16.2,16.8,17.4,18.0,0.0,0.0,0.0,0.0,0.0",0,0,0
白虎咆拳,土,格闘,地裂の攻刃II,0,236,2210,32,290,195,1825,地裂の攻刃,0,土属性キャラの攻撃力上昇(大),0,土属性キャラの攻撃力上昇(大),0,"土,通常攻刃Ⅱ,7,8,9,10,11,12,13,14,15,16,16.8,17.6,18.4,19.2,20.0,0.0,0.0,0.0,0.0,0.0",0,0,0,"土,通常攻刃(大),6,7,8,9,10,11,12,13,14,15,15.6,16.2,16.8,17.4,18.0,0.0,0.0,0.0,0.0,0.0",0,0,0
青竜髭刃,風,剣,乱気の疾駆・壱,乱気の攻刃,200,2290,26,320,167,1965,乱気の疾駆・壱,0,1番目に配置された風属性キャラのトリプルアタック確率UP(大)/攻撃力15%減少(武器スキル合計から-15%),風属性キャラの攻撃力上昇(大),1番目に配置された風属性キャラのトリプルアタック確率UP(大)/攻撃力15%減少(武器スキル合計から-15%),0,0,0,"風,通常攻刃(大),6,7,8,9,10,11,12,13,14,15,15.6,16.2,16.8,17.4,18.0,0.0,0.0,0.0,0.0,0.0",0,0,0,0,0
白虎牙杖,土,杖,地裂の煽惑・参,地裂の攻刃,260,1960,37,265,225,1675,地裂の煽惑・参,0,3番目に配置された土属性キャラの奥義ダメージUP/敵対心UP,土属性キャラの攻撃力上昇(大),3番目に配置された土属性キャラの奥義ダメージUP/敵対心UP,0,0,0,"土,通常攻刃(大),6,7,8,9,10,11,12,13,14,15,15.6,16.2,16.8,17.4,18.0,0.0,0.0,0.0,0.0,0.0",0,0,0,0,0
玄武殻拳,水,格闘,霧氷の追牙・肆,霧氷の攻刃,230,2130,33,285,196,1820,霧氷の追牙・肆,0,4番目に配置された水属性キャラに水属性追加ダメージ付与(LV1:1%)/奥義ゲージ上昇量30%DOWN,水属性キャラの攻撃力上昇(大),4番目に配置された水属性キャラに水属性追加ダメージ付与(LV1:1%)/奥義ゲージ上昇量30%DOWN,0,0,0,"水,通常攻刃(大),6,7,8,9,10,11,12,13,14,15,15.6,16.2,16.8,17.4,18.0,0.0,0.0,0.0,0.0,0.0",0,0,0,0,0
朱雀翼弦,火,楽器,紅蓮の呪印・弐,紅蓮の攻刃,220,2020,33,285,186,1740,紅蓮の呪印・弐,0,2番目に配置された火属性キャラの攻撃力上昇(大)/毎ターンダメージを受ける,火属性キャラの攻撃力上昇(大),2番目に配置された火属性キャラの攻撃力上昇(大)/毎ターンダメージを受ける,0,"火,通常攻刃(大),6,7,8,9,10,11,12,13,14,15,15.6,16.2,16.8,17.4,18.0,0.0,0.0,0.0,0.0,0.0",0,"火,通常攻刃(大),6,7,8,9,10,11,12,13,14,15,15.6,16.2,16.8,17.4,18.0,0.0,0.0,0.0,0.0,0.0",0,"火,通常攻刃(大),6,7,8,9,10,11,12,13,14,15,15.6,16.2,16.8,17.4,18.0,0.0,0.0,0.0,0.0,0.0",0,0,0
バルムンク,火,剣,紅蓮の守護,火の背水,200,2380,26,335,171,2035,紅蓮の守護,0,火属性キャラの最大HP上昇(大),火属性キャラのHPが少ないほど攻撃力が上昇(小),火属性キャラの最大HP上昇(大),0,"火,通常守護(大),9.0,10.0,11.0,12.0,13.0,14.0,15.0,16.0,17.0,18.0,18.6,19.2,19.8,20.4,21.0,0.0,0.0,0.0,0.0,0.0",0,"火,通常背水(小),0.5,1.1,1.7,2.3,2.9,3.5,4.09,4.7,5.3,6,6.2,6.4,6.6,6.8,7.0,0.0,0.0,0.0,0.0,0.0",0,"火,通常守護(大),9.0,10.0,11.0,12.0,13.0,14.0,15.0,16.0,17.0,18.0,18.6,19.2,19.8,20.4,21.0,0.0,0.0,0.0,0.0,0.0",0,0,0
イフリートハルベルト,火,槍,紅蓮の攻刃,火の技巧,241,2170,31,310,206,1860,紅蓮の攻刃,0,火属性キャラの攻撃力上昇(大),火属性攻撃で弱点を突いた時、クリティカル確率上昇(小),火属性キャラの攻撃力上昇(大),0,"火,通常攻刃(大),6,7,8,9,10,11,12,13,14,15,15.6,16.2,16.8,17.4,18.0,0.0,0.0,0.0,0.0,0.0",0,"火,通常技巧(小),1.0,0.0,0.0,0.0,0.0,0.0,0.0,0.0,0.0,1.9,0.0,0.0,0.0,0.0,2.4,0.0,0.0,0.0,0.0,0.0",0,"火,通常攻刃(大),6,7,8,9,10,11,12,13,14,15,15.6,16.2,16.8,17.4,18.0,0.0,0.0,0.0,0.0,0.0",0,0,0
サジタリウスボウ,風,弓,乱気の守護,風の攻刃,214,2358,29,330,183,2020,乱気の守護,0,風属性キャラの最大HP上昇(大),風属性キャラの攻撃力上昇(小),風属性キャラの最大HP上昇(大),0,"風,通常守護(大),9.0,10.0,11.0,12.0,13.0,14.0,15.0,16.0,17.0,18.0,18.6,19.2,19.8,20.4,21.0,0.0,0.0,0.0,0.0,0.0",0,"風,通常攻刃(小),1,2,3,4,5,6,7,8,9,10,10.4,10.8,11.2,11.6,12.0,0.0,0.0,0.0,0.0,0.0",0,"風,通常守護(大),9.0,10.0,11.0,12.0,13.0,14.0,15.0,16.0,17.0,18.0,18.6,19.2,19.8,20.4,21.0,0.0,0.0,0.0,0.0,0.0",0,0,0
紅陽扇,光,格闘,天光の守護,光の攻刃,234,2210,32,305,200,1890,天光の守護,0,光属性キャラの最大HP上昇(大),光属性キャラの攻撃力上昇(小),光属性キャラの最大HP上昇(大),0,"光,通常守護(大),9.0,10.0,11.0,12.0,13.0,14.0,15.0,16.0,17.0,18.0,18.6,19.2,19.8,20.4,21.0,0.0,0.0,0.0,0.0,0.0",0,"光,通常攻刃(小),1,2,3,4,5,6,7,8,9,10,10.4,10.8,11.2,11.6,12.0,0.0,0.0,0.0,0.0,0.0",0,"光,通常守護(大),9.0,10.0,11.0,12.0,13.0,14.0,15.0,16.0,17.0,18.0,18.6,19.2,19.8,20.4,21.0,0.0,0.0,0.0,0.0,0.0",0,0,0
ウェルギリウス,水,槍,霧氷の守護,水の攻刃,239,2170,35,290,205,1855,霧氷の守護,0,水属性キャラの最大HP上昇(大),水属性キャラの攻撃力上昇(小),水属性キャラの最大HP上昇(大),0,"水,通常守護(大),9.0,10.0,11.0,12.0,13.0,14.0,15.0,16.0,17.0,18.0,18.6,19.2,19.8,20.4,21.0,0.0,0.0,0.0,0.0,0.0",0,"水,通常攻刃(小),1,2,3,4,5,6,7,8,9,10,10.4,10.8,11.2,11.6,12.0,0.0,0.0,0.0,0.0,0.0",0,"水,通常守護(大),9.0,10.0,11.0,12.0,13.0,14.0,15.0,16.0,17.0,18.0,18.6,19.2,19.8,20.4,21.0,0.0,0.0,0.0,0.0,0.0",0,0,0
裁きの鳴雷,土,銃,地裂の攻刃,土の守護,169,2530,24,345,145,2165,地裂の攻刃,0,土属性キャラの攻撃力上昇(大),土属性キャラの最大HP上昇(小),土属性キャラの攻撃力上昇(大),0,"土,通常攻刃(大),6,7,8,9,10,11,12,13,14,15,15.6,16.2,16.8,17.4,18.0,0.0,0.0,0.0,0.0,0.0",0,"土,通常守護(小),3.0,4.0,5.0,6.0,7.0,8.0,9.0,10.0,11.0,12.0,12.4,12.8,13.2,13.6,14.0,0.0,0.0,0.0,0.0,0.0",0,"土,通常攻刃(大),6,7,8,9,10,11,12,13,14,15,15.6,16.2,16.8,17.4,18.0,0.0,0.0,0.0,0.0,0.0",0,0,0
ディアボロスボウ,闇,弓,奈落の守護,闇の攻刃,218,2450,27,355,186,2100,奈落の守護,0,闇属性キャラの最大HP上昇(大),闇属性キャラの攻撃力上昇(小),闇属性キャラの最大HP上昇(大),0,"闇,通常守護(大),9.0,10.0,11.0,12.0,13.0,14.0,15.0,16.0,17.0,18.0,18.6,19.2,19.8,20.4,21.0,0.0,0.0,0.0,0.0,0.0",0,"闇,通常攻刃(小),1,2,3,4,5,6,7,8,9,10,10.4,10.8,11.2,11.6,12.0,0.0,0.0,0.0,0.0,0.0",0,"闇,通常守護(大),9.0,10.0,11.0,12.0,13.0,14.0,15.0,16.0,17.0,18.0,18.6,19.2,19.8,20.4,21.0,0.0,0.0,0.0,0.0,0.0",0,0,0
ヘルウォードダガー,闇,短剣,奈落の攻刃,闇の二手,221,2275,27,330,189,1950,奈落の攻刃,0,闇属性キャラの攻撃力上昇(大),闇属性キャラのダブルアタック確率上昇(小),闇属性キャラの攻撃力上昇(大),0,"闇,通常攻刃(大),6,7,8,9,10,11,12,13,14,15,15.6,16.2,16.8,17.4,18.0,0.0,0.0,0.0,0.0,0.0",0,"闇,通常二手(小),0.4,0.6,0.8,1.0,1.2,1.4,1.6,1.8,2.0,2.2,2.4,2.6,2.8,3.0,3.5,0.0,0.0,0.0,0.0,0.0",0,"闇,通常攻刃(大),6,7,8,9,10,11,12,13,14,15,15.6,16.2,16.8,17.4,18.0,0.0,0.0,0.0,0.0,0.0",0,0,0
グレイプニル,水,斧,霧氷の二手,水の攻刃,182,2465,27,330,156,2110,霧氷の二手,0,水属性キャラのダブルアタック確率上昇(大),水属性キャラの攻撃力上昇(小),水属性キャラのダブルアタック確率上昇(大),0,"水,通常二手(大),1.2,1.6,2.0,2.4,2.8,3.2,3.6,4.0,4.4,5.0,5.4,5.8,6.2,6.6,7.0,0.0,0.0,0.0,0.0,0.0",0,"水,通常攻刃(小),1,2,3,4,5,6,7,8,9,10,10.4,10.8,11.2,11.6,12.0,0.0,0.0,0.0,0.0,0.0",0,"水,通常二手(大),1.2,1.6,2.0,2.4,2.8,3.2,3.6,4.0,4.4,5.0,5.4,5.8,6.2,6.6,7.0,0.0,0.0,0.0,0.0,0.0",0,0,0
ケルベロス・オーダー,闇,銃,奈落の三手,闇の背水,167,2585,20,375,142,2215,奈落の三手,0,闇属性キャラの連続攻撃確率上昇(大),闇属性キャラのHPが少ないほど攻撃力が上昇(小),闇属性キャラの連続攻撃確率上昇(大),0,"闇,通常三手(大),1.2,1.6,2.0,2.4,2.8,3.2,3.6,4.0,4.4,5.0,5.4,5.8,6.2,6.6,7.0,0.0,0.0,0.0,0.0,0.0",0,"闇,通常背水(小),0.5,1.1,1.7,2.3,2.9,3.5,4.09,4.7,5.3,6,6.2,6.4,6.6,6.8,7.0,0.0,0.0,0.0,0.0,0.0",0,"闇,通常三手(大),1.2,1.6,2.0,2.4,2.8,3.2,3.6,4.0,4.4,5.0,5.4,5.8,6.2,6.6,7.0,0.0,0.0,0.0,0.0,0.0",0,0,0
フィンブル,水,弓,霧氷の渾身,水の守護,220,2370,32,320,188,2030,霧氷の渾身,0,水属性キャラのHPが多いほど攻撃力が上昇(大),水属性キャラの最大HP上昇(小),水属性キャラのHPが多いほど攻撃力が上昇(大),0,"水,通常渾身(大),7.64,7.94,8.27,8.62,8.99,9.39,9.83,10.3,10.81,11.37,11.98,12.63,13.35,14.14,15.0,0.0,0.0,0.0,0.0,0.0",0,"水,通常守護(小),3.0,4.0,5.0,6.0,7.0,8.0,9.0,10.0,11.0,12.0,12.4,12.8,13.2,13.6,14.0,0.0,0.0,0.0,0.0,0.0",0,"水,通常渾身(大),7.64,7.94,8.27,8.62,8.99,9.39,9.83,10.3,10.81,11.37,11.98,12.63,13.35,14.14,15.0,0.0,0.0,0.0,0.0,0.0",0,0,0
ウシュムガル,火,剣,ブレイズオブアームズ,スカーレット・アーツ,230,2760,30,375,0,0,0,0.0,火属性キャラの攻撃力上昇(EX大),火属性キャラのアビリティダメージ上限UP,0,0,"火,EX攻刃(大),6,7,8,9,10,11,12,13,14,15,15.6,16.2,16.8,17.4,18.0,0.0,0.0,0.0,0.0,21.0",0,0,0,0,0,0,0
ヴィントホーゼ,風,剣,ゲイルオブアームズ,チェインフォース,230,2750,31,370,0,0,0,0.0,風属性キャラの攻撃力上昇(EX大),チェインバーストのダメージがUP/チェインバーストのダメージ上限がUP,0,0,"風,EX攻刃(大),6,7,8,9,10,11,12,13,14,15,15.6,16.2,16.8,17.4,18.0,0.0,0.0,0.0,0.0,21.0",0,0,0,0,0,0,0
ブラックアックス,火,斧,アンノウン・ATK II,0,175,2490,23,350,150,2130,アンノウン・ATK II,0,武器属性キャラの攻撃力上昇(EX大),0,武器属性キャラの攻撃力上昇(EX大),0,"火,EX攻刃(大),6,7,8,9,10,11,12,13,14,15,15.6,16.2,16.8,17.4,18.0,0.0,0.0,0.0,0.0,21.0",0,0,0,"火,EX攻刃(大),6,7,8,9,10,11,12,13,14,15,15.6,16.2,16.8,17.4,18.0,0.0,0.0,0.0,0.0,21.0",0,0,0
アンノウンワンド,風,杖,アンノウン・VIT II,0,281,1970,35,275,240,1685,アンノウン・VIT II,0,武器属性キャラの最大HP上昇(EX大),0,武器属性キャラの最大HP上昇(EX大),0,"風,EX攻刃(大),6,7,8,9,10,11,12,13,14,15,15.6,16.2,16.8,17.4,18.0,0.0,0.0,0.0,0.0,21.0",0,0,0,"風,EX攻刃(大),6,7,8,9,10,11,12,13,14,15,15.6,16.2,16.8,17.4,18.0,0.0,0.0,0.0,0.0,21.0",0,0,0
マルメテル・ハンマー,土,斧,アンノウン・ATK II,0,174,2495,22,360,148,2140,アンノウン・ATK II,0,武器属性キャラの攻撃力上昇(EX大),0,武器属性キャラの攻撃力上昇(EX大),0,"土,EX攻刃(大),6,7,8,9,10,11,12,13,14,15,15.6,16.2,16.8,17.4,18.0,0.0,0.0,0.0,0.0,21.0",0,0,0,"土,EX攻刃(大),6,7,8,9,10,11,12,13,14,15,15.6,16.2,16.8,17.4,18.0,0.0,0.0,0.0,0.0,21.0",0,0,0
秘丹弥虚羅多包丁,水,短剣,アンノウン・ATK II,0,227,2240,33,300,195,1915,アンノウン・ATK II,0,武器属性キャラの攻撃力上昇(EX大),0,武器属性キャラの攻撃力上昇(EX大),0,"水,EX攻刃(大),6,7,8,9,10,11,12,13,14,15,15.6,16.2,16.8,17.4,18.0,0.0,0.0,0.0,0.0,21.0",0,0,0,"水,EX攻刃(大),6,7,8,9,10,11,12,13,14,15,15.6,16.2,16.8,17.4,18.0,0.0,0.0,0.0,0.0,21.0",0,0,0
桃色の団扇,風,格闘,アンノウン・ATK II,0,231,2215,29,310,197,1900,アンノウン・ATK II,0,武器属性キャラの攻撃力上昇(EX大),0,武器属性キャラの攻撃力上昇(EX大),0,"風,EX攻刃(大),6,7,8,9,10,11,12,13,14,15,15.6,16.2,16.8,17.4,18.0,0.0,0.0,0.0,0.0,21.0",0,0,0,"風,EX攻刃(大),6,7,8,9,10,11,12,13,14,15,15.6,16.2,16.8,17.4,18.0,0.0,0.0,0.0,0.0,21.0",0,0,0
三日月宗近,光,刀,天下五剣,三条宗近の作,176,2501,25,345,151,2142,天下五剣,0,光属性キャラの攻撃力上昇(EX大),得意武器が「刀」のキャラの奥義ダメージ15%UP (上限1本),光属性キャラの攻撃力上昇(EX大),0,"光,EX攻刃(大),6,7,8,9,10,11,12,13,14,15,15.6,16.2,16.8,17.4,18.0,0.0,0.0,0.0,0.0,21.0",0,0,0,"光,EX攻刃(大),6,7,8,9,10,11,12,13,14,15,15.6,16.2,16.8,17.4,18.0,0.0,0.0,0.0,0.0,21.0",0,0,0
鶴丸国永,水,刀,利無動,五条国永の作,178,2491,27,335,153,2132,利無動,0,水属性キャラの攻撃力上昇(EX大),得意武器が「刀」のキャラの防御力15%UP,水属性キャラの攻撃力上昇(EX大),0,"水,EX攻刃(大),6,7,8,9,10,11,12,13,14,15,15.6,16.2,16.8,17.4,18.0,0.0,0.0,0.0,0.0,21.0",0,0,0,"水,EX攻刃(大),6,7,8,9,10,11,12,13,14,15,15.6,16.2,16.8,17.4,18.0,0.0,0.0,0.0,0.0,21.0",0,0,0
和泉守兼定,火,刀,土方の愛刀,兼定の作,117,1706,0,0,0,0,0,0.0,火属性キャラの攻撃力上昇(EX中),弱体耐性UP　◆メイン装備時/主人公のみ,0,0,"火,EX攻刃(中),3,4,5,6,7,8,9,10,11,12,12.5,13.0,13.5,14.0,14.5,0.0,0.0,0.0,0.0,0.0",0,0,0,0,0,0,0
山姥切国広,土,刀,国広第一の傑作,堀川国広の作,120,1691,0,0,0,0,0,0.0,土属性キャラの攻撃力上昇(EX中),ダブルアタック確率上昇　◆メイン装備時/主人公のみ,0,0,"土,EX攻刃(中),3,4,5,6,7,8,9,10,11,12,12.5,13.0,13.5,14.0,14.5,0.0,0.0,0.0,0.0,0.0",0,0,0,0,0,0,0
陸奥守吉行,風,刀,龍馬の愛刀,陸奥守吉行の作,118,1701,0,0,0,0,0,0.0,風属性キャラの攻撃力上昇(EX中),奥義ダメージUP　◆メイン装備時/主人公のみ,0,0,"風,EX攻刃(中),3,4,5,6,7,8,9,10,11,12,12.5,13.0,13.5,14.0,14.5,0.0,0.0,0.0,0.0,0.0",0,0,0,0,0,0,0
骨喰藤四郎,闇,刀,足利宝剣,粟田口吉光の作,115,1716,0,0,0,0,0,0.0,闇属性キャラの攻撃力上昇(EX中),奥義ゲージ上昇量UP　◆メイン装備時/主人公のみ,0,0,"闇,EX攻刃(中),3,4,5,6,7,8,9,10,11,12,12.5,13.0,13.5,14.0,14.5,0.0,0.0,0.0,0.0,0.0",0,0,0,0,0,0,0
封印の杖,闇,杖,闇の力を秘めし鍵,私だけの笑顔の魔法,270,2100,32,300,225,1750,闇の力を秘めし鍵,0,闇属性キャラの攻撃力上昇(EX大),メイン装備時に闇属性キャラの回復上限上昇,闇属性キャラの攻撃力上昇(EX大),0,"闇,EX攻刃(大),6,7,8,9,10,11,12,13,14,15,15.6,16.2,16.8,17.4,18.0,0.0,0.0,0.0,0.0,21.0",0,0,0,"闇,EX攻刃(大),6,7,8,9,10,11,12,13,14,15,15.6,16.2,16.8,17.4,18.0,0.0,0.0,0.0,0.0,21.0",0,0,0
スナップブレード,風,剣,肉削ぐ撓刃,立体機動戦術,158,2566,20,362,137,2199,0,0.0,風属性キャラの攻撃力上昇(EX大),防御力が下がる(30%)が連続攻撃確率UP(大)(DA、TA率約25%UP)　◆メイン装備時/主人公のみ,0,0,"風,EX攻刃(大),6,7,8,9,10,11,12,13,14,15,15.6,16.2,16.8,17.4,18.0,0.0,0.0,0.0,0.0,21.0",0,0,0,0,0,0,0
白銀の弓,風,弓,森林の祝福,森の民の知恵,211,2365,27,338,180,2027,0,0.0,風属性キャラの攻撃力上昇(EX大),主人公がアビリティを使用したターンに味方全体の攻撃力上昇(累積/最大5回)　◆メイン装備時,0,0,"風,EX攻刃(大),6,7,8,9,10,11,12,13,14,15,15.6,16.2,16.8,17.4,18.0,0.0,0.0,0.0,0.0,21.0",0,0,0,0,0,0,0
ルナのおともだち,闇,杖,おともだちになってくれる？,魂の共鳴,231,2073,31,308,220,1779,お友達になってくれる？,魂の共鳴,0,戦闘不能のキャラ数に応じて味方全体の攻撃力上昇(最大5人)　◆メイン装備時,闇属性キャラの攻撃力上昇(EX大),戦闘不能のキャラ数に応じて味方全体の攻撃力上昇(最大5人)　◆メイン装備時,0,0,0,0,"闇,EX攻刃(大),6,7,8,9,10,11,12,13,14,15,15.6,16.2,16.8,17.4,18.0,0.0,0.0,0.0,0.0,21.0",0,0,0
キック力増強シューズ,光,格闘,阿笠博士の発明品,必殺武器,230,2190,30,315,200,1880,0,0.0,光属性キャラの攻撃力上昇(EX大),光属性キャラのアビリティダメージUP,0,0,"光,EX攻刃(大),6,7,8,9,10,11,12,13,14,15,15.6,16.2,16.8,17.4,18.0,0.0,0.0,0.0,0.0,21.0",0,0,0,0,0,0,0
小型自動拳銃,風,銃,ウィーバースタンス,サイドアーム,160,2540,20,360,140,2180,0,0.0,風属性キャラの攻撃力上昇(EX大),オーバードライブ状態の敵にダブルアタック確率UP　◆メイン装備時/主人公のみ,0,0,"風,EX攻刃(大),6,7,8,9,10,11,12,13,14,15,15.6,16.2,16.8,17.4,18.0,0.0,0.0,0.0,0.0,21.0",0,0,0,0,0,0,0
万魔の銃,闇,銃,ザ・ファントム,トリックスター,170,2640,20,365,0,0,0,0.0,闇属性キャラの攻撃力上昇(EX中),オーバードライブ状態の敵にクリティカル確率UP　◆メイン装備時/主人公のみ,0,0,"闇,EX攻刃(中),3,4,5,6,7,8,9,10,11,12,12.5,13.0,13.5,14.0,14.5,0.0,0.0,0.0,0.0,0.0",0,0,0,0,0,0,0
サンシャインブレード,水,短剣,サンシャイナー,輝きの道しるべ,230,2310,39,299,0,0,0,0.0,水属性キャラの攻撃力上昇(EX大),ダブルアタック確率UP効果が付与されている時、水属性追撃効果◆メイン装備時/主人公のみ,0,0,"水,EX攻刃(大),6,7,8,9,10,11,12,13,14,15,15.6,16.2,16.8,17.4,18.0,0.0,0.0,0.0,0.0,21.0",0,0,0,0,0,0,0
スクールバッグ,火,斧,スクールフレンズ,輝きを目指して,190,2580,29,329,0,0,0,0.0,火属性キャラの攻撃力上昇(EX大),弱体効果を受けていない時奥義ダメージUP　◆主人公のみ,0,0,"火,EX攻刃(大),6,7,8,9,10,11,12,13,14,15,15.6,16.2,16.8,17.4,18.0,0.0,0.0,0.0,0.0,21.0",0,0,0,0,0,0,0
レインボーブレス,光,格闘,プリズムストーンの力,虹色の光,240,2270,30,315,0,0,0,0.0,光属性キャラの攻撃力上昇(EX大),自分に活性効果　◆メイン装備時/主人公のみ,0,0,"光,EX攻刃(大),6,7,8,9,10,11,12,13,14,15,15.6,16.2,16.8,17.4,18.0,0.0,0.0,0.0,0.0,21.0",0,0,0,0,0,0,0
アイスクレイモア,水,剣,フローズン・ブレード,氷妖精の魔力,208,2448,29,320,0,0,0,0.0,水属性キャラの攻撃力上昇(EX大),ターン終了時に奥義ゲージUP(5%)　◆メイン装備時/主人公のみ,0,0,"水,EX攻刃(大),6,7,8,9,10,11,12,13,14,15,15.6,16.2,16.8,17.4,18.0,0.0,0.0,0.0,0.0,21.0",0,0,0,0,0,0,0
司法神の錫杖,光,杖,ジャスティス・ロッド,授かりし託宣,280,2070,42,253,0,0,0,0.0,光属性キャラの攻撃力上昇(EX大),自分の奥義性能UP　◆メイン装備時/主人公のみ,0,0,"光,EX攻刃(大),6,7,8,9,10,11,12,13,14,15,15.6,16.2,16.8,17.4,18.0,0.0,0.0,0.0,0.0,21.0",0,0,0,0,0,0,0
ブラフマンガントレ,火,格闘,機炎方陣・拳武,機炎方陣・見切,270,2550,35,362,229,2186,0,0.0,得意武器が「格闘」の火属性キャラの攻撃力上昇(大),火属性キャラが稀に回避カウンター(ダメージ中),0,0,"火,マグナ攻刃Ⅱ,6.0,7.0,8.0,9.0,10.0,11.0,12.0,13.0,14.0,15.0,15.6,16.2,16.8,17.4,18.0,18.4,18.8,19.2,19.6,20.0",0,0,0,0,0,0,0
ブラフマンシミター,火,剣,機炎方陣・無双,機炎方陣・守護,230,2730,30,387,198,2342,0,0.0,火属性キャラの攻撃力上昇(中)/ダブルアタック確率上昇(中),火属性キャラの最大HP上昇(中),0,0,"火,マグナ無双,3.0,4.0,5.0,6.0,7.0,8.0,9.0,10.0,11.0,12.0,12.5,13.0,13.5,14.0,14.5,14.8,15.1,15.4,15.7,16.0","火,マグナ無双,0.8,1.1,1.4,1.7,2.0,2.3,2.6,2.9,3.2,3.5,3.8,4.1,4.4,4.7,5.0,0.0,0.0,0.0,0.0,0.0","火,マグナ守護(中),3.0,4.0,5.0,6.0,7.0,8.0,9.0,10.0,11.0,12.0,0.0,0.0,0.0,0.0,0.0,0.0,0.0,0.0,0.0,0.0",0,0,0,0,0
ブラフマントライデント,火,槍,機炎方陣・攻刃,機炎方陣・破壊,280,2500,37,355,238,2142,0,0.0,火属性キャラの攻撃力上昇(中),火属性キャラのトリプルアタック確率上昇(小),0,0,"火,マグナ攻刃,3.0,4.0,5.0,6.0,7.0,8.0,9.0,10.0,11.0,12.0,12.5,13.0,13.5,14.0,14.5,14.8,15.1,15.4,15.7,16.0",0,"火,マグナ破壊,0.0,0.0,0.0,0.0,1.0,0.0,0.0,0.0,0.0,1.75,0.0,0.0,0.0,0.0,2.5,0.0,0.0,0.0,0.0,0.0",0,0,0,0,0
テュロスワンド,水,杖,海神方陣・杖術,イクシード・ウォータ,310,2320,45,313,268,1989,0,0.0,得意武器が「杖」の水属性キャラの攻撃力上昇(大),水属性キャラの奥義ダメージ上限上昇,0,0,"水,マグナ攻刃Ⅱ,6.0,7.0,8.0,9.0,10.0,11.0,12.0,13.0,14.0,15.0,15.6,16.2,16.8,17.4,18.0,18.4,18.8,19.2,19.6,20.0",0,0,0,0,0,0,0
テュロスボウ,水,弓,海神方陣・乱舞,0,250,2700,36,365,214,2311,海神方陣・乱舞,0,水属性キャラの攻撃力上昇(中)/トリプルアタック確率上昇(小),0,水属性キャラの攻撃力上昇(中)/トリプルアタック確率上昇(小),0,"水,通常乱舞,1,2,3,4,5,6,7,8,9,10,10.4,10.8,11.2,11.6,12.0,0.0,0.0,0.0,0.0,0.0","水,通常乱舞,0.0,0.0,0.0,0.0,0.0,0.0,0.0,0.0,0.0,0.0,0.0,0.0,0.0,0.0,2.0,0.0,0.0,0.0,0.0,0.0",0,0,"水,通常乱舞,1,2,3,4,5,6,7,8,9,10,10.4,10.8,11.2,11.6,12.0,0.0,0.0,0.0,0.0,0.0","水,通常乱舞,0.0,0.0,0.0,0.0,0.0,0.0,0.0,0.0,0.0,0.0,0.0,0.0,0.0,0.0,2.0,0.0,0.0,0.0,0.0,0.0",0,0
テュロスビネット,水,楽器,海神方陣・攻刃,海神方陣・必殺,260,2390,65,322,226,2044,0,0.0,水属性キャラの攻撃力上昇(中),水属性キャラの奥義ダメージUP(中)/奥義ダメージ上限上昇(中),0,0,"水,マグナ攻刃,3.0,4.0,5.0,6.0,7.0,8.0,9.0,10.0,11.0,12.0,12.5,13.0,13.5,14.0,14.5,14.8,15.1,15.4,15.7,16.0",0,0,0,0,0,0,0
ニーベルン・メッサー,土,短剣,創樹方陣・背水,イクシード・アース,260,2590,37,354,223,2216,0,0.0,土属性キャラのHPが少ないほど攻撃力が上昇(小),土属性キャラの奥義ダメージ上限上昇,0,0,"土,マグナ背水(小),0.5,1.1,1.7,2.3,2.9,3.5,4.09,4.7,5.3,6,6.2,6.4,6.6,6.8,7.0,0.0,0.0,0.0,0.0,0.0",0,0,0,0,0,0,0
ニーベルン・ホルン,土,斧,創樹方陣・渾身,創樹方陣・技巧,210,2850,30,390,179,2438,創樹方陣・渾身,創樹方陣・技巧II,土属性キャラのHPが多いほど攻撃力が上昇(中),0,土属性キャラのHPが多いほど攻撃力が上昇(中),土属性キャラのクリティカル確率上昇(大),"土,マグナ渾身(中),0.0,0.0,0.0,0.0,0.0,0.0,0.0,0.0,0.0,0.0,0.0,0.0,0.0,0.0,9.56,0.0,0.0,0.0,0.0,0.0",0,0,0,"土,マグナ渾身(中),0.0,0.0,0.0,0.0,0.0,0.0,0.0,0.0,0.0,0.0,0.0,0.0,0.0,0.0,9.56,0.0,0.0,0.0,0.0,0.0",0,"土,マグナ技巧(大),0.0,0.0,0.0,0.0,0.0,0.0,0.0,0.0,0.0,7.0,0.0,0.0,0.0,0.0,10.0,0.0,0.0,0.0,0.0,0.0",0
ニーベルン・クリンゲ,土,刀,創樹方陣・攻刃II,創樹方陣・不可侵,200,2890,30,395,175,2471,0,0.0,土属性キャラの攻撃力上昇(大),土属性キャラが稀に回避カウンター(ダメージ小)/最大HP上昇(小),0,0,"土,マグナ攻刃Ⅱ,6.0,7.0,8.0,9.0,10.0,11.0,12.0,13.0,14.0,15.0,15.6,16.2,16.8,17.4,18.0,18.4,18.8,19.2,19.6,20.0",0,"土,マグナ守護(小),1.0,2.0,3.0,4.0,5.0,6.0,7.0,8.0,9.0,10.0,10.4,10.8,11.2,11.6,12.0,0.0,0.0,0.0,0.0,0.0",0,0,0,0,0
ラストストームブレイド,風,刀,嵐竜方陣・軍神,嵐竜方陣・星晶,200,2900,28,405,173,2481,0,0.0,風属性キャラの最大HP上昇(小)/ダブルアタック確率上昇(小),風属性キャラの星晶獣の攻撃力上昇(中),0,0,"風,マグナ軍神,3.0,4.0,5.0,6.0,7.0,8.0,9.0,10.0,11.0,12.0,12.4,12.8,13.2,13.6,14.0,0.0,0.0,0.0,0.0,0.0","風,マグナ軍神,0.4,0.6,0.8,1.0,1.2,1.4,1.6,1.8,2.0,2.2,2.4,2.6,2.8,3.0,3.5,0.0,0.0,0.0,0.0,0.0","風,マグナ攻刃,3.0,4.0,5.0,6.0,7.0,8.0,9.0,10.0,11.0,12.0,12.5,13.0,13.5,14.0,14.5,14.8,15.1,15.4,15.7,16.0",0,0,0,0,0
ラストストームハープ,風,楽器,嵐竜方陣・渾身,嵐竜方陣・技巧II,260,2400,62,337,223,2059,0,0.0,風属性キャラのHPが多いほど攻撃力が上昇(中),風属性キャラのクリティカル確率上昇(大),0,0,"風,マグナ渾身(中),0.0,0.0,0.0,0.0,0.0,0.0,0.0,0.0,0.0,0.0,0.0,0.0,0.0,0.0,9.56,0.0,0.0,0.0,0.0,0.0",0,"風,マグナ技巧(大),0.0,0.0,0.0,0.0,0.0,0.0,0.0,0.0,0.0,7.0,0.0,0.0,0.0,0.0,10.0,0.0,0.0,0.0,0.0,0.0",0,0,0,0,0
ラストストームランス,風,槍,嵐竜方陣・攻刃,嵐竜方陣・暴風,280,2490,38,350,239,2137,0,0.0,風属性キャラの攻撃力上昇(中),経過ターンに応じて風属性キャラの連続攻撃確率上昇,0,0,"風,マグナ攻刃,3.0,4.0,5.0,6.0,7.0,8.0,9.0,10.0,11.0,12.0,12.5,13.0,13.5,14.0,14.5,14.8,15.1,15.4,15.7,16.0",0,0,0,0,0,0,0
ミトロンの籠手,光,格闘,騎解方陣・見切,先制の白の結界,270,2540,37,352,0,0,0,0.0,光属性キャラが稀に回避カウンター(ダメージ中),バトル開始時、光属性キャラにバリア効果,0,0,0,0,0,0,0,0,0,0
ミトロンの宝剣,光,短剣,騎解方陣・刹那,騎解方陣・背水,260,2590,36,359,0,0,0,0.0,光属性キャラの攻撃力上昇(小)/クリティカル確率上昇(小),光属性キャラのHPが少ないほど攻撃力が上昇(小),0,0,"光,マグナ刹那(中),3.0,4.0,5.0,6.0,7.0,8.0,9.0,10.0,11.0,12.0,12.5,13.0,13.5,14.0,14.5,14.8,15.1,15.4,15.7,16.0","光,マグナ刹那(中),3.0,0.0,0.0,0.0,0.0,0.0,0.0,0.0,0.0,5.0,0.0,0.0,0.0,0.0,6.1,0.0,0.0,0.0,0.0,0.0","光,マグナ背水(小),0.5,1.1,1.7,2.3,2.9,3.5,4.09,4.7,5.3,6,6.2,6.4,6.6,6.8,7.0,0.0,0.0,0.0,0.0,0.0",0,0,0,0,0
ミトロンの弓,光,弓,騎解方陣・渾身,騎解方陣・意志,250,2710,34,375,0,0,0,0.0,光属性キャラのHPが多いほど攻撃力が上昇(中),光属性キャラが稀に回避カウンター(ダメージ中)/クリティカル確率上昇(中),0,0,"光,マグナ渾身(中),0.0,0.0,0.0,0.0,0.0,0.0,0.0,0.0,0.0,0.0,0.0,0.0,0.0,0.0,9.56,0.0,0.0,0.0,0.0,0.0",0,0,0,0,0,0,0
アビスストライカー,闇,斧,黒霧方陣・背水,黒霧方陣・括目,200,2870,25,415,174,2463,0,0.0,闇属性キャラのHPが少ないほど攻撃力が上昇(小),闇属性キャラが稀に回避カウンター(ダメージ大)/ダブルアタック確率上昇(小),0,0,"闇,マグナ背水(小),0.5,1.1,1.7,2.3,2.9,3.5,4.09,4.7,5.3,6,6.2,6.4,6.6,6.8,7.0,0.0,0.0,0.0,0.0,0.0",0,0,0,0,0,0,0
アビスルック,闇,銃,黒霧方陣・攻刃,黒霧方陣・克己,190,2940,23,424,163,2518,0,0.0,闇属性キャラの攻撃力上昇(中),闇属性キャラのダブルアタック確率上昇(中)/クリティカル確率上昇(中),0,0,"闇,マグナ攻刃,3.0,4.0,5.0,6.0,7.0,8.0,9.0,10.0,11.0,12.0,12.5,13.0,13.5,14.0,14.5,14.8,15.1,15.4,15.7,16.0",0,"闇,通常克己,0.8,1.1,1.4,1.7,2.0,2.3,2.6,2.9,3.2,3.5,3.8,4.1,4.4,4.7,5.0,0.0,0.0,0.0,0.0,0.0","闇,通常克己,3.0,0.0,0.0,0.0,0.0,0.0,0.0,0.0,0.0,5.0,0.0,0.0,0.0,0.0,6.1,0.0,0.0,0.0,0.0,0.0",0,0,0,0
アビススパイン,闇,杖,黒霧方陣・神威II,黒霧方陣・必殺,310,2350,39,343,262,2019,0,0.0,闇属性キャラの攻撃力と最大HPが上昇(中),0,0,0,"闇,マグナ神威Ⅱ,0.0,0.0,0.0,0.0,0.0,0.0,0.0,0.0,0.0,0.0,0.0,0.0,0.0,0.0,0.0,0.0,0.0,0.0,0.0,0.0",0,0,0,0,0,0,0
スコフニュング,−,剣,不屈なる忠義救世の聖剣,0,244,2810,35,377,207,2385,不屈なる忠義,救世の聖剣,0,0,0,0,0,0,0,0,0,0,0,0
アシュケロン,−,剣,征伐の剣深紅の支配者,0,240,2830,31,397,203,2405,征伐の剣,深紅の支配者,0,0,0,0,0,0,0,0,0,0,0,0
イペタム,−,短剣,混沌より出ずる暴食殺業の凶刃,0,265,2710,33,389,224,2301,混沌より出ずる暴食,殺業の凶刃,0,0,0,0,0,0,0,0,0,0,0,0
ファウスト,−,短剣,森羅万象の理禁忌の錬成,0,270,2680,38,364,229,2276,森羅万象の理,禁忌の錬成,0,0,0,0,0,0,0,0,0,0,0,0
ミセリコルデ,−,短剣,宵闇の住人奸凶の牙,0,270,2690,36,375,227,2285,宵闇の住人,奸凶の牙,0,0,0,0,0,0,0,0,0,0,0,0
ロムルスの槍,−,槍,深淵を照らす光明軍神の聖槍,0,290,2580,40,354,246,2189,深淵を照らす光明,軍神の聖槍,0,0,0,0,0,0,0,0,0,0,0,0
アヴェンジャー,−,斧,剣聖の英魂覇王の恐惶,0,213,2960,28,416,180,2519,剣聖の英魂,覇王の恐惶,0,0,0,0,0,0,0,0,0,0,0,0
ニルヴァーナ,−,杖,悟りの境地輪廻転生,0,322,2420,44,332,274,2053,悟りの境地,輪廻転生,0,0,0,0,0,0,0,0,0,0,0,0
ケラウノス,−,杖,雷鳴の轟き天変地異,0,265,2570,66,336,231,2105,雷鳴の轟き,天変地異,0,0,0,0,0,0,0,0,0,0,0,0
カピラヴァストゥ,−,杖,叡智の門葬られし言の葉,0,320,2410,46,320,276,2040,叡智の門,葬られし言の葉,0,0,0,0,0,0,0,0,0,0,0,0
オリバー,−,銃,謀略と策謀の知恵一攫千金,0,200,3030,27,420,170,2571,謀略と策謀の知恵,一攫千金,0,0,0,0,0,0,0,0,0,0,0,0
ネブカドネザル,−,銃,繚乱の死神穢れなき手向け,0,244,3260,24,435,167,2585,繚乱の死神,穢れなき手向け,0,0,0,0,0,0,0,0,0,0,0,0
鬼神の籠手,−,格闘,破壊を齎す強心強者の余裕,0,277,2640,36,372,235,2245,破壊を齎す強心,強者の余裕,0,0,0,0,0,0,0,0,0,0,0,0
ローゼンボーゲン,−,弓,舞うは嵐の針山の如し戦場の災禍,0,256,2810,34,391,217,2388,舞うは嵐の針山の如し,戦場の災禍,0,0,0,0,0,0,0,0,0,0,0,0
ランゲレイク,−,楽器,失われし聖賢の譜享楽の遊宴,0,266,2480,67,331,232,2100,失われし聖賢の譜,享楽の遊宴,0,0,0,0,0,0,0,0,0,0,0,0
天叢雲剣,−,刀,天つ空なる明星の御霊大蛇の神刀,0,211,3000,30,411,179,2543,天つ空なる明星の御霊,大蛇の神刀,0,0,0,0,0,0,0,0,0,0,0,0
千子村正,−,刀,九字護身法冥暗の妖刀,0,207,3020,26,431,175,2563,九字護身法,冥暗の妖刀,0,0,0,0,0,0,0,0,0,0,0,0
エクスカリバー,-,剣,火 紅蓮の堅守水 霧氷の堅守土 地裂の堅守風 乱気の堅守光 天光の堅守闇 奈落の堅守,王道を征く者,0,0,0,0,0,0,0,0.0,0,0,0,0,0,0,0,0,0,0,0,0
ダマスカスナイフ,-,短剣,仄暗い稼業,引き際の心得,0,0,0,0,0,0,0,0.0,0,0,0,0,0,0,0,0,0,0,0,0
ゲイボルグ,-,槍,必勝の誓い,一刺一殺,0,0,0,0,0,0,0,0.0,0,0,0,0,0,0,0,0,0,0,0,0
ミョルニル,-,斧,火 紅蓮の攻刃水 霧氷の攻刃土 地裂の攻刃風 乱気の攻刃光 天光の攻刃闇 奈落の攻刃,戦神の打擲,0,0,0,0,0,0,0,0.0,0,0,0,0,0,0,0,0,0,0,0,0
カドゥケウス,-,杖,火 火の神威水 水の神威土 土の神威風 風の神威光 光の神威闇 闇の神威,窮地の救い手,0,0,0,0,0,0,0,0.0,0,0,0,0,"闇,通常神威(小),0.0,0.0,0.0,0.0,0.0,0.0,0.0,0.0,0.0,10.0,0.0,0.0,0.0,0.0,12.0,0.0,0.0,0.0,0.0,0.0",0,0,0,0,0,0,0
フライクーゲル,-,銃,火 紅蓮の暴君水 霧氷の暴君土 地裂の暴君風 乱気の暴君光 天光の暴君闇 奈落の暴君,好機到来,0,0,0,0,0,0,0,0.0,0,0,0,0,"闇,通常暴君,6,7,8,9,10,11,12,13,14,15,15.6,16.2,16.8,17.4,18.0,0.0,0.0,0.0,0.0,0.0",0,0,0,0,0,0,0
方天画戟,-,格闘,剛技の代償,万物を砕く剛技,0,0,0,0,0,0,0,0.0,0,0,0,0,0,0,0,0,0,0,0,0
ヘラクレス,-,弓,火 業火の克己水 渦潮の克己土 大地の克己風 竜巻の克己光 雷電の克己闇 憎悪の克己,不死をも殺す神弓,0,0,0,0,0,0,0,0.0,0,0,0,0,"闇,通常克己,0.8,1.1,1.4,1.7,2.0,2.3,2.6,2.9,3.2,3.5,3.8,4.1,4.4,4.7,5.0,0.0,0.0,0.0,0.0,0.0","闇,通常克己,3.0,0.0,0.0,0.0,0.0,0.0,0.0,0.0,0.0,5.0,0.0,0.0,0.0,0.0,6.1,0.0,0.0,0.0,0.0,0.0",0,0,0,0,0,0
ウルリクムミ,-,楽器,火 紅蓮の括目水 霧氷の括目土 地裂の括目風 乱気の括目光 天光の括目闇 奈落の括目,流行詩歌,0,0,0,0,0,0,0,0.0,0,0,0,0,0,0,0,0,0,0,0,0
天羽々斬,-,刀,火 業火の刹那水 渦潮の刹那土 大地の刹那風 竜巻の刹那光 雷電の刹那闇 憎悪の刹那,戮蛇の神刀,0,0,0,0,0,0,0,0.0,0,0,0,0,"闇,通常刹那(中),3,4,5,6,7,8,9,10,11,12,12.5,13.0,13.5,14.0,14.5,0.0,0.0,0.0,0.0,0.0","闇,通常刹那(中),1.0,0.0,0.0,0.0,0.0,0.0,0.0,0.0,0.0,1.9,0.0,0.0,0.0,0.0,2.4,0.0,0.0,0.0,0.0,0.0",0,0,0,0,0,0
エリクトニオス,火,槍,紅蓮の暴君,紅蓮の三手,278,2500,37,355,238,2142,0,0.0,火属性キャラの攻撃力上昇(大)/火属性キャラの最大HP-10%,火属性キャラの連続攻撃確率上昇(大),0,0,"火,通常暴君,6,7,8,9,10,11,12,13,14,15,15.6,16.2,16.8,17.4,18.0,0.0,0.0,0.0,0.0,0.0",0,"火,通常三手(大),1.2,1.6,2.0,2.4,2.8,3.2,3.6,4.0,4.4,5.0,5.4,5.8,6.2,6.6,7.0,0.0,0.0,0.0,0.0,0.0",0,0,0,0,0
パラスの剣,火,剣,紅蓮の攻刃,業火の守護,232,2734,30,387,198,2342,0,0.0,火属性キャラの攻撃力上昇(大),火属性キャラの最大HP上昇(中),0,0,"火,通常攻刃(大),6,7,8,9,10,11,12,13,14,15,15.6,16.2,16.8,17.4,18.0,0.0,0.0,0.0,0.0,0.0",0,"火,通常守護(中),6.0,7.0,8.0,9.0,10.0,11.0,12.0,13.0,14.0,15.0,15.4,15.8,16.2,16.6,17.0,0.0,0.0,0.0,0.0,0.0",0,0,0,0,0
シグルズの弓,水,弓,先制の氷刃,霧氷の攻刃,250,2701,36,365,214,2311,先制の氷刃,渦潮の攻刃,バトル開始時から8ターンの間水属性キャラの攻撃力上昇,水属性キャラの攻撃力上昇(大),バトル開始時から8ターンの間水属性キャラの攻撃力上昇,水属性キャラの攻撃力上昇(中),0,0,"水,通常攻刃(大),6,7,8,9,10,11,12,13,14,15,15.6,16.2,16.8,17.4,18.0,0.0,0.0,0.0,0.0,0.0",0,0,0,"水,通常攻刃(中),3,4,5,6,7,8,9,10,11,12,12.5,13.0,13.5,14.0,14.5,0.0,0.0,0.0,0.0,0.0",0
ヴィルヘルム,水,格闘,霧氷の暴君,渦潮の技巧,273,2527,40,337,234,2161,0,0.0,水属性キャラの攻撃力上昇(大)/水属性キャラの最大HP-10%,水属性攻撃で弱点を突いた時、クリティカル確率上昇(中),0,0,"水,通常暴君,6,7,8,9,10,11,12,13,14,15,15.6,16.2,16.8,17.4,18.0,0.0,0.0,0.0,0.0,0.0",0,"水,通常技巧(中),3.0,0.0,0.0,0.0,0.0,0.0,0.0,0.0,0.0,5.0,0.0,0.0,0.0,0.0,6.1,0.0,0.0,0.0,0.0,0.0",0,0,0,0,0
ソロモンドライブ,土,斧,地裂の攻刃,土の背水,209,2849,30,390,179,2438,0,0.0,土属性キャラの攻撃力上昇(大),土属性キャラのHPが少ないほど攻撃力が上昇(小),0,0,"土,通常攻刃(大),6,7,8,9,10,11,12,13,14,15,15.6,16.2,16.8,17.4,18.0,0.0,0.0,0.0,0.0,0.0",0,"土,通常背水(小),0.5,1.1,1.7,2.3,2.9,3.5,4.09,4.7,5.3,6,6.2,6.4,6.6,6.8,7.0,0.0,0.0,0.0,0.0,0.0",0,0,0,0,0
マイムールヴィジョン,土,銃,地裂の暴君,大地の克己,196,2913,28,399,168,2493,0,0.0,土属性キャラの攻撃力上昇(大)/土属性キャラの最大HP-10%,土属性キャラのダブルアタック確率上昇(中)/弱点を突いた時クリティカル確率上昇(中),0,0,"土,通常暴君,6,7,8,9,10,11,12,13,14,15,15.6,16.2,16.8,17.4,18.0,0.0,0.0,0.0,0.0,0.0",0,"土,通常克己,0.8,1.1,1.4,1.7,2.0,2.3,2.6,2.9,3.2,3.5,3.8,4.1,4.4,4.7,5.0,0.0,0.0,0.0,0.0,0.0","土,通常克己,3.0,0.0,0.0,0.0,0.0,0.0,0.0,0.0,0.0,5.0,0.0,0.0,0.0,0.0,6.1,0.0,0.0,0.0,0.0,0.0",0,0,0,0
インドラリム,風,弓,竜巻の刹那,乱気の堅守,0,0,33,380,211,2326,0,0.0,風属性キャラの攻撃力上昇(中)/弱点を突いた時クリティカル確率上昇(中),風属性キャラのHPが低いほど防御UP,0,0,"風,通常刹那(中),3,4,5,6,7,8,9,10,11,12,12.5,13.0,13.5,14.0,14.5,0.0,0.0,0.0,0.0,0.0","風,通常刹那(中),1.0,0.0,0.0,0.0,0.0,0.0,0.0,0.0,0.0,1.9,0.0,0.0,0.0,0.0,2.4,0.0,0.0,0.0,0.0,0.0",0,0,0,0,0,0
スパルナフェザー,風,短剣,風の治癒,乱気の攻刃II,0,0,35,364,221,2226,風の治癒,乱気の攻刃,風属性キャラの回復上限上昇(小),風属性キャラの攻撃力上昇(大),風属性キャラの回復上限上昇(小),風属性キャラの攻撃力上昇(大),0,0,"風,通常攻刃Ⅱ,7,8,9,10,11,12,13,14,15,16,16.8,17.6,18.4,19.2,20.0,0.0,0.0,0.0,0.0,0.0",0,0,0,"風,通常攻刃(大),6,7,8,9,10,11,12,13,14,15,15.6,16.2,16.8,17.4,18.0,0.0,0.0,0.0,0.0,0.0",0
グングニル,光,槍,雷電の攻刃,雷電の克己,280,2490,39,345,240,2132,0,0.0,光属性キャラの攻撃力上昇(中),光属性キャラのダブルアタック確率上昇(中)/弱点を突いた時クリティカル確率上昇(中),0,0,"光,通常攻刃(中),3,4,5,6,7,8,9,10,11,12,12.5,13.0,13.5,14.0,14.5,0.0,0.0,0.0,0.0,0.0",0,"光,通常克己,0.8,1.1,1.4,1.7,2.0,2.3,2.6,2.9,3.2,3.5,3.8,4.1,4.4,4.7,5.0,0.0,0.0,0.0,0.0,0.0","光,通常克己,3.0,0.0,0.0,0.0,0.0,0.0,0.0,0.0,0.0,5.0,0.0,0.0,0.0,0.0,6.1,0.0,0.0,0.0,0.0,0.0",0,0,0,0
スレイプニルシュー,光,楽器,雷電の背水,天光の堅守,0,0,63,332,224,2054,光の背水,天光の堅守,光属性キャラのHPが少ないほど攻撃力が上昇(中),光属性キャラのHPが低いほど防御UP,光属性キャラのHPが少ないほど攻撃力が上昇(小),光属性キャラのHPが低いほど防御UP,"光,通常背水(中),0.66,1.46,2.26,3.06,3.86,4.66,5.46,6.26,7.06,8,8.4,8.79,9.2,9.6,10.0,0.0,0.0,0.0,0.0,0.0",0,0,0,"光,通常背水(小),0.5,1.1,1.7,2.3,2.9,3.5,4.09,4.7,5.3,6,6.2,6.4,6.6,6.8,7.0,0.0,0.0,0.0,0.0,0.0",0,0,0
ブラック・アンド・ダークネス,闇,杖,奈落の攻刃II,先制の黒の結界,307,2355,39,343,262,2019,奈落の攻刃,先制の黒の結界,0,バトル開始時、闇属性キャラにバリア効果,闇属性キャラの攻撃力上昇(大),バトル開始時、闇属性キャラにバリア効果,"0,通常攻刃Ⅱ,7,8,9,10,11,12,13,14,15,16,16.8,17.6,18.4,19.2,20.0,0.0,0.0,0.0,0.0,0.0",0,0,0,"闇,通常攻刃(大),6,7,8,9,10,11,12,13,14,15,15.6,16.2,16.8,17.4,18.0,0.0,0.0,0.0,0.0,0.0",0,0,0
サンダー・オブ・ファントム,闇,銃,奈落の括目,憎悪の神威,0,0,23,424,163,2518,奈落の括目,憎悪の守護,闇属性キャラ属性キャラが稀に回避カウンター(ダメージ大)/闇属性キャラのダブルアタック確率上昇（小）,闇属性キャラの攻撃力と最大HPが上昇(中),闇属性キャラ属性キャラが稀に回避カウンター(ダメージ大)/闇属性キャラのダブルアタック確率上昇（小）,闇属性キャラの最大HP上昇(中),0,0,"闇,通常神威(中),0.0,0.0,0.0,0.0,0.0,0.0,0.0,0.0,0.0,12.0,0.0,0.0,0.0,0.0,0.0,0.0,0.0,0.0,0.0,0.0",0,0,0,"闇,通常守護(中),6.0,7.0,8.0,9.0,10.0,11.0,12.0,13.0,14.0,15.0,15.4,15.8,16.2,16.6,17.0,0.0,0.0,0.0,0.0,0.0",0
ハツオイイルハル,風,短剣,イクシード・ウィンド,乱気の背水,270,2700,35,365,0,0,0,0.0,風属性キャラの奥義ダメージ上限上昇,風属性キャラのHPが少ないほど攻撃力が上昇(大),0,0,0,0,"風,通常背水(大),0.83,1.83,2.83,3.83,4.83,5.83,6.83,7.83,8.83,10,10.5,11.0,11.5,12.0,12.5,0.0,0.0,0.0,0.0,0.0",0,0,0,0,0
マジェスタス,闇,杖,憎悪の堅守,憎悪の神威,320,2440,40,345,0,0,0,0.0,闇属性キャラのHPが少ないほど防御力上昇(中),闇属性キャラの攻撃力と最大HPが上昇(中),0,0,0,0,"闇,通常神威(中),0.0,0.0,0.0,0.0,0.0,0.0,0.0,0.0,0.0,12.0,0.0,0.0,0.0,0.0,0.0,0.0,0.0,0.0,0.0,0.0",0,0,0,0,0
虚空の裂剣,闇,剣,虚脱の隻翼,災禍の誓約,260,3140,0,0,0,0,0,0.0,0,0,0,0,0,0,0,0,0,0,0,0
虚空の楔槍,火,槍,虚栄の矛戟,不壊の誓約,320,2870,0,0,0,0,0,0.0,0,0,0,0,0,0,0,0,0,0,0,0
虚空の晶塊,土,斧,虚勢の巌,修羅の誓約,240,3270,0,0,0,0,0,0.0,0,0,0,0,0,0,0,0,0,0,0,0
虚空の拝腕,水,杖,虚飾の隻腕,凱歌の誓約,360,2660,0,0,0,0,0,0.0,0,0,0,0,0,0,0,0,0,0,0,0
虚空の歪弦,光,弓,虚像の鋒鏑,致命の誓約,280,3120,0,0,0,0,0,0.0,0,0,0,0,0,0,0,0,0,0,0,0
バハムートソード・フツルス,闇,剣,コンキリオ・イグニス,0,240,2885,30,415,0,0,コンキリオ・イグニス,0,0,0,0,0,"0,バハ攻撃/HP,0.0,0.0,0.0,0.0,0.0,0.0,0.0,0.0,0.0,30,30.4,30.8,31.2,31.6,32.0,0.0,0.0,0.0,0.0,0.0","0,バハ攻撃/HP,0.0,0.0,0.0,0.0,0.0,0.0,0.0,0.0,0.0,15,15.6,16.2,16.8,17.4,18.0,0.0,0.0,0.0,0.0,0.0",0,0,"0,バハ攻撃/HP,0.0,0.0,0.0,0.0,0.0,0.0,0.0,0.0,0.0,30,30.4,30.8,31.2,31.6,32.0,0.0,0.0,0.0,0.0,0.0","0,バハ攻撃/HP,0.0,0.0,0.0,0.0,0.0,0.0,0.0,0.0,0.0,15,15.6,16.2,16.8,17.4,18.0,0.0,0.0,0.0,0.0,0.0",0,0
バハムートダガー・フツルス,闇,短剣,コンキリオ・ウェントス,0,268,2750,34,395,0,0,コンキリオ・ウェントス,0,0,0,0,0,"0,バハ攻撃/HP,0.0,0.0,0.0,0.0,0.0,0.0,0.0,0.0,0.0,30,30.4,30.8,31.2,31.6,32.0,0.0,0.0,0.0,0.0,0.0","0,バハ攻撃/HP,0.0,0.0,0.0,0.0,0.0,0.0,0.0,0.0,0.0,15,15.6,16.2,16.8,17.4,18.0,0.0,0.0,0.0,0.0,0.0",0,0,"0,バハ攻撃/HP,0.0,0.0,0.0,0.0,0.0,0.0,0.0,0.0,0.0,30,30.4,30.8,31.2,31.6,32.0,0.0,0.0,0.0,0.0,0.0","0,バハ攻撃/HP,0.0,0.0,0.0,0.0,0.0,0.0,0.0,0.0,0.0,15,15.6,16.2,16.8,17.4,18.0,0.0,0.0,0.0,0.0,0.0",0,0
バハムートスピア・フツルス,闇,槍,コンキリオ・コルヌ,0,290,2640,37,380,0,0,コンキリオ・コルヌ,0,0,0,0,0,"0,バハ攻撃/HP,0.0,0.0,0.0,0.0,0.0,0.0,0.0,0.0,0.0,30,30.4,30.8,31.2,31.6,32.0,0.0,0.0,0.0,0.0,0.0","0,バハ攻撃/HP,0.0,0.0,0.0,0.0,0.0,0.0,0.0,0.0,0.0,15,15.6,16.2,16.8,17.4,18.0,0.0,0.0,0.0,0.0,0.0",0,0,"0,バハ攻撃/HP,0.0,0.0,0.0,0.0,0.0,0.0,0.0,0.0,0.0,30,30.4,30.8,31.2,31.6,32.0,0.0,0.0,0.0,0.0,0.0","0,バハ攻撃/HP,0.0,0.0,0.0,0.0,0.0,0.0,0.0,0.0,0.0,15,15.6,16.2,16.8,17.4,18.0,0.0,0.0,0.0,0.0,0.0",0,0
バハムートアクス・フツルス,闇,斧,コンキリオ・テラ,0,214,3015,26,435,0,0,コンキリオ・テラ,0,0,0,0,0,"0,バハ攻撃/HP,0.0,0.0,0.0,0.0,0.0,0.0,0.0,0.0,0.0,30,30.4,30.8,31.2,31.6,32.0,0.0,0.0,0.0,0.0,0.0","0,バハ攻撃/HP,0.0,0.0,0.0,0.0,0.0,0.0,0.0,0.0,0.0,15,15.6,16.2,16.8,17.4,18.0,0.0,0.0,0.0,0.0,0.0",0,0,"0,バハ攻撃/HP,0.0,0.0,0.0,0.0,0.0,0.0,0.0,0.0,0.0,30,30.4,30.8,31.2,31.6,32.0,0.0,0.0,0.0,0.0,0.0","0,バハ攻撃/HP,0.0,0.0,0.0,0.0,0.0,0.0,0.0,0.0,0.0,15,15.6,16.2,16.8,17.4,18.0,0.0,0.0,0.0,0.0,0.0",0,0
バハムートスタッフ・フツルス,闇,杖,コンキリオ・インベル,0,323,2475,41,360,0,0,コンキリオ・インベル,0,0,0,0,0,"0,バハ攻撃/HP,0.0,0.0,0.0,0.0,0.0,0.0,0.0,0.0,0.0,30,30.4,30.8,31.2,31.6,32.0,0.0,0.0,0.0,0.0,0.0","0,バハ攻撃/HP,0.0,0.0,0.0,0.0,0.0,0.0,0.0,0.0,0.0,15,15.6,16.2,16.8,17.4,18.0,0.0,0.0,0.0,0.0,0.0",0,0,"0,バハ攻撃/HP,0.0,0.0,0.0,0.0,0.0,0.0,0.0,0.0,0.0,30,30.4,30.8,31.2,31.6,32.0,0.0,0.0,0.0,0.0,0.0","0,バハ攻撃/HP,0.0,0.0,0.0,0.0,0.0,0.0,0.0,0.0,0.0,15,15.6,16.2,16.8,17.4,18.0,0.0,0.0,0.0,0.0,0.0",0,0
バハムートマズル・フツルス,闇,銃,コンキリオ・アルボス,0,200,3085,24,445,0,0,コンキリオ・アルボス,0,0,0,0,0,"0,バハ攻撃/HP,0.0,0.0,0.0,0.0,0.0,0.0,0.0,0.0,0.0,30,30.4,30.8,31.2,31.6,32.0,0.0,0.0,0.0,0.0,0.0","0,バハ攻撃/HP,0.0,0.0,0.0,0.0,0.0,0.0,0.0,0.0,0.0,15,15.6,16.2,16.8,17.4,18.0,0.0,0.0,0.0,0.0,0.0",0,0,"0,バハ攻撃/HP,0.0,0.0,0.0,0.0,0.0,0.0,0.0,0.0,0.0,30,30.4,30.8,31.2,31.6,32.0,0.0,0.0,0.0,0.0,0.0","0,バハ攻撃/HP,0.0,0.0,0.0,0.0,0.0,0.0,0.0,0.0,0.0,15,15.6,16.2,16.8,17.4,18.0,0.0,0.0,0.0,0.0,0.0",0,0
バハムートナックル・フツルス,闇,格闘,ヒュムアニムス・メンス,ヒュムアニムス・ビス,280,2690,35,390,0,0,0,0.0,0,0,0,0,"0,バハHP,20.0,21.0,22.0,23.0,24.0,25.0,26.0,27.0,28.0,30,32.0,34.0,36.0,38.0,40.0,0.0,0.0,0.0,0.0,0.0",0,"0,バハDATA,0.0,0.0,0.0,0.0,0.0,0.0,0.0,0.0,0.0,5,5.6,6.2,6.8,7.4,8.0,0.0,0.0,0.0,0.0,0.0",0,0,0,0,0
バハムートボウ・フツルス,闇,弓,エルンアニムス・メンス,エルンアニムス・ビス,256,2870,32,415,0,0,0,0.0,0,0,0,0,"0,バハHP,20.0,21.0,22.0,23.0,24.0,25.0,26.0,27.0,28.0,30,32.0,34.0,36.0,38.0,40.0,0.0,0.0,0.0,0.0,0.0",0,"0,バハDATA,0.0,0.0,0.0,0.0,0.0,0.0,0.0,0.0,0.0,5,5.6,6.2,6.8,7.4,8.0,0.0,0.0,0.0,0.0,0.0",0,0,0,0,0
バハムートハープ・フツルス,闇,楽器,ハヴンアニムス・メンス,ハヴンアニムス・ビス,264,2545,63,370,0,0,0,0.0,0,0,0,0,"0,バハHP,20.0,21.0,22.0,23.0,24.0,25.0,26.0,27.0,28.0,30,32.0,34.0,36.0,38.0,40.0,0.0,0.0,0.0,0.0,0.0",0,"0,バハDATA,0.0,0.0,0.0,0.0,0.0,0.0,0.0,0.0,0.0,5,5.6,6.2,6.8,7.4,8.0,0.0,0.0,0.0,0.0,0.0",0,0,0,0,0
バハムートブレイド・フツルス,闇,刀,ドーラアニムス・メンス,ドーラアニムス・ビス,209,3060,26,440,0,0,0,0.0,0,0,0,0,"0,バハHP,20.0,21.0,22.0,23.0,24.0,25.0,26.0,27.0,28.0,30,32.0,34.0,36.0,38.0,40.0,0.0,0.0,0.0,0.0,0.0",0,"0,バハDATA,0.0,0.0,0.0,0.0,0.0,0.0,0.0,0.0,0.0,5,5.6,6.2,6.8,7.4,8.0,0.0,0.0,0.0,0.0,0.0",0,0,0,0,0
ヘルムヴィーゲ,　,槍,雲水の賦性,雲水の資質,332,2950,40,354,0,0,0,0.0,0,0,0,0,0,0,0,0,0,0,0,0
ベルセルク・オクス,-,斧,狂戦士の賦性,狂戦士の資質,244,3380,28,416,0,0,0,0.0,0,0,0,0,0,0,0,0,0,0,0,0
聖者の行進,-,杖,聖者の賦性,聖者の資質,368,2770,44,332,0,0,0,0.0,0,0,0,0,0,0,0,0,0,0,0,0
デモンズシャフト,-,杖,魔人の賦性,魔神の資質,298,2940,66,336,0,0,0,0.0,0,0,0,0,0,0,0,0,0,0,0,0
浄瑠璃,-,銃,大盗の賦性,大盗の資質,229,3465,27,420,0,0,0,0.0,0,0,0,0,0,0,0,0,0,0,0,0
チャンピオンベルト,-,格闘,格闘王の賦性,格闘王の資質,317,3015,36,372,0,0,0,0.0,0,0,0,0,0,0,0,0,0,0,0,0
メース,-,弓,猟犬の賦性,猟犬の資質,293,3210,34,391,0,0,0,0.0,0,0,0,0,0,0,0,0,0,0,0,0
シャンゼリゼ,-,楽器,楽聖の賦性,楽聖の資質,299,2840,67,331,0,0,0,0.0,0,0,0,0,0,0,0,0,0,0,0,0
無銘金重,-,刀,剣豪の賦性,剣豪の資質,241,3435,30,411,0,0,0,0.0,0,0,0,0,0,0,0,0,0,0,0,0
テトラストリーマ,-,刀,四元の賦性,四元の資質,237,3455,26,431,0,0,0,0.0,0,0,0,0,0,0,0,0,0,0,0,0
マッドネスシリンジ,-,銃,医術の賦性,医術の資質,309,3065,38,364,0,0,0,0.0,0,0,0,0,0,0,0,0,0,0,0,0
真・道天浄土,光,剣,妃光の覇道,道天の眩耀,210,2739,29,380,0,0,0,0.0,光属性キャラの攻撃力上昇(EX特大),主人公の残りHPが多いほど味方全体の攻撃が大きくUP ◆メイン装備時,0,0,"光,EX攻刃(特大),9,10,11,12,13,14,15,16,17,18,19.0,20.0,21.0,22.0,23.0,0.0,0.0,0.0,0.0,0.0",0,0,0,0,0,0,0
ラスト・シャフレワル,土,剣,裁考の覇道,裁考天の啓示,232,2611,39,391,0,0,0,0.0,土属性キャラの攻撃力上昇(EX特大),被ダメージ時に自分に与ダメージ上昇効果(累積/最大5回)◆メイン装備時/主人公のみ,0,0,"土,EX攻刃(特大),9,10,11,12,13,14,15,16,17,18,19.0,20.0,21.0,22.0,23.0,0.0,0.0,0.0,0.0,0.0",0,0,0,0,0,0,0
真・黄木天の箭,風,槍,人馬の覇道,黄木天の箭,271,2427,37,340,0,0,0,0.0,風属性キャラの攻撃力上昇(EX特大),毎ターン連続攻撃確率UP ◆メイン装備時/主人公のみ/被ダメージで解除,0,0,"風,EX攻刃(特大),9,10,11,12,13,14,15,16,17,18,19.0,20.0,21.0,22.0,23.0,0.0,0.0,0.0,0.0,0.0",0,0,0,0,0,0,0
真・灼滅天の刃鎌,火,斧,灼滅の覇道,灼滅の赤爪,199,2795,25,400,0,0,0,0.0,火属性キャラの攻撃力上昇(EX特大),敵が灼熱状態の時、通常攻撃と奥義に追加ダメージ　◆メイン装備時/主人公のみ,0,0,"火,EX攻刃(特大),9,10,11,12,13,14,15,16,17,18,19.0,20.0,21.0,22.0,23.0,0.0,0.0,0.0,0.0,0.0",0,0,0,0,0,0,0
真・氷逆天の戦棍,水,杖,氷逆の覇道,氷逆天の凍翼,303,2270,43,310,0,0,0,0.0,水属性キャラの攻撃力上昇(EX特大),HPが高い程奥義ダメージUP◆メイン装備時/主人公のみ,0,0,"水,EX攻刃(特大),9,10,11,12,13,14,15,16,17,18,19.0,20.0,21.0,22.0,23.0,0.0,0.0,0.0,0.0,0.0",0,0,0,0,0,0,0
真・裁考天の鳴弦,土,楽器,裁考の覇道,裁考天の教理 ,250,2329,63,318,0,0,0,0.0,土属性キャラの攻撃力上昇(EX特大),0,0,0,"土,EX攻刃(特大),9,10,11,12,13,14,15,16,17,18,19.0,20.0,21.0,22.0,23.0,0.0,0.0,0.0,0.0,0.0",0,0,0,0,0,0,0
真・普天幻魔,闇,刀,幻魔の覇道,普天の怨鎖,193,2835,24,410,0,0,0,0.0,闇属性キャラの攻撃力上昇(特大),幻影状態の時、連続攻撃確率UP/回避率UP　◆メイン装備時/主人公のみ,0,0,0,0,0,0,0,0,0,0
極マリシ烈火ノ太刀,火,刀,灼滅の覇道,灼滅天の憤怒,196,2825,26,400,0,0,0,0.0,火属性キャラの攻撃力上昇(EX特大),被ダメージ時、ターン終了時に敵全体に火属性ダメージ　◆発動するたびに性能UP/メイン装備時/主人公のみ,0,0,"火,EX攻刃(特大),9,10,11,12,13,14,15,16,17,18,19.0,20.0,21.0,22.0,23.0,0.0,0.0,0.0,0.0,0.0",0,0,0,0,0,0,0
